,n1,n2,n3,per_day_count,per_day_change_volume,per_day_change_money,per_count_change_time,performance,drawback,money
0,1,1,5,3,5015018.598280434,25215222.368353765,28.75057208237986,9.930199179433963,7.528226958693844,10000000
1,1,1,5,3,5365040.022918379,26979687.206078574,29.68421052631579,4.5901092295138834,3.518466717558192,20000000
2,1,1,6,3,2409110.406064716,12086470.097523414,16.00990099009901,6.737847539317721,2.8429187219388625,10000000
3,1,1,6,3,2517420.438795245,12629390.19183313,16.633663366336634,2.6356346878653625,2.2852923528939444,20000000
4,1,1,7,3,1202843.9513716209,6040871.184731589,14.192307692307692,3.7357627026660456,3.0441939959434947,10000000
5,1,1,7,3,1255707.7625570768,6306548.992664237,14.884615384615385,1.9407464313401013,1.4931135101997834,20000000
6,1,2,5,3,9143010.440486811,46016794.4017117,11.35135135135135,-6.8097571117809,9.86219012046513,10000000
7,1,2,5,3,9654062.87100083,48577660.64055421,12.005405405405405,-2.7296892419399477,5.023574959076578,20000000
8,1,2,6,3,7509330.996348457,37733090.32704057,20.878048780487806,-2.760122613936977,7.597336510460358,10000000
9,1,2,6,3,8074908.873385039,40598363.01671563,21.983739837398375,-2.330467728686292,4.50088052183227,20000000
10,1,2,7,3,5639047.820549767,28329128.16750164,35.388,0.13697745393494998,7.104998452788126,10000000
11,1,2,7,3,6118521.2281523505,30761441.9556992,36.396,-0.8451365841910641,4.524780210440829,20000000
12,1,3,5,3,9362915.555763502,47133813.14345865,11.966386554621849,-22.87377726115021,22.99408998164572,10000000
13,1,3,5,3,9583184.39107184,48237857.768509895,12.212885154061624,-11.467879996759878,11.850932204266824,20000000
14,1,3,6,3,8152416.10007663,41020487.34818221,26.395631067961165,-12.438764715367146,13.68411826764241,10000000
15,1,3,6,3,8555382.135189973,43068001.29215697,33.640776699029125,-5.920952100756871,6.798336889443959,20000000
16,1,3,7,3,7025472.2146045,35354090.69555113,22.747663551401867,-10.050086456603447,12.612695488668347,10000000
17,1,3,7,3,7400175.09592742,37260793.020866126,23.252336448598133,-5.6678456941770765,7.250554522052127,20000000
18,1,4,5,3,7227616.573568795,36368405.74271432,38.63823529411765,-12.258342288079538,14.863170885887717,10000000
19,1,4,5,3,7479151.735754353,37653664.30510076,38.87647058823529,-5.59871966747939,7.011830006983512,20000000
20,1,4,6,3,6386742.384748492,32144399.879830196,43.871750433275565,-1.7248722241658743,6.446908770218098,10000000
21,1,4,6,3,6680058.666303624,33638659.59422368,44.422876949740036,-0.2836526141883011,3.2062606136362257,20000000
22,1,4,7,3,5549685.090111915,27927141.23197856,16.527835051546393,-9.72117962093144,11.308373054035993,10000000
23,1,4,7,3,5856794.821128843,29481661.957033236,17.14639175257732,-4.250682144411277,5.518093928177311,20000000
24,1,5,5,3,3941809.322272574,19821724.202766035,15.843478260869565,-2.9476910924348787,6.817704097529238,10000000
25,1,5,5,3,4024459.770120133,20241412.41596753,16.104347826086958,-1.3100809625328558,3.378801863657187,20000000
26,1,5,6,3,3486566.989205426,17537809.18382142,34.08637873754153,-0.43042292585956377,8.133950637475387,10000000
27,1,5,6,3,3561643.835616451,17922447.606403336,34.30564784053156,-0.03229134418943902,4.349659826271487,20000000
28,1,5,7,3,3230408.5217366135,16220145.68001904,16.5,-2.5299136203426498,10.134341442268584,10000000
29,1,5,7,3,3287671.232876723,16517093.31248482,16.67391304347826,-1.1432522362222475,5.339836741877537,20000000
30,1,6,5,3,2018421.2282417004,10157308.41148494,15.217877094972067,-2.0244467568584,5.608836862196426,10000000
31,1,6,5,3,2054794.5205479437,10336226.443163613,15.720670391061452,-1.0988943283719799,2.9243027806842385,20000000
32,1,6,6,3,1722568.0487232392,8679544.388207529,16.42105263157895,3.7676197508024645,2.477886661857444,10000000
33,1,6,6,3,1757990.8675799046,8857920.987738224,16.973684210526315,1.8565078384974454,1.2631881255551372,20000000
34,1,6,7,3,1626919.552603944,8186313.5529496195,17.577464788732396,2.1330273137783573,4.161021381999045,10000000
35,1,6,7,3,1643835.616438353,8269191.327024137,18.04225352112676,0.9977554733143101,2.123772384254449,20000000
36,1,7,5,3,1004566.2100456626,5067855.024299268,14.045454545454545,-3.145558713168628,7.0699809038137245,10000000
37,1,7,5,3,1004566.2100456626,5067855.024299268,14.045454545454545,-1.5727793565843307,3.58487616911935,20000000
38,1,7,6,3,913242.0091324212,4611024.810421258,15.15,-0.4393055575708682,4.365543601905456,10000000
39,1,7,6,3,913242.0091324212,4611024.810421258,15.15,-0.21965277878548406,2.210608620857555,20000000
40,1,7,7,3,867579.9086758001,4372114.134667171,16.894736842105264,-0.5165124113373443,4.060283887670579,10000000
41,1,7,7,3,867579.9086758001,4372114.134667171,16.894736842105264,-0.25825620566878316,2.0576488385361036,20000000
42,1,8,5,3,433789.95433789934,2203988.0829527294,12.947368421052632,-2.563110790716916,4.402267927721392,10000000
43,1,8,5,3,433789.95433789934,2203988.0829527294,12.947368421052632,-1.2815553953583914,2.2109080510226287,20000000
44,1,8,6,3,433789.95433789934,2201708.35064491,13.263157894736842,-2.519556037033577,4.270892403637116,10000000
45,1,8,6,3,433789.95433789934,2201708.35064491,13.263157894736842,-1.2597780185167107,2.1435680591193464,20000000
46,1,8,7,3,388127.8538812784,1962835.5601674318,15.882352941176471,-1.4268426593500583,3.0082599496018836,10000000
47,1,8,7,3,388127.8538812784,1962835.5601674318,15.882352941176471,-0.7134213296749792,1.5107216889895008,20000000
48,1,9,5,3,159817.35159817355,826303.7225995776,11.571428571428571,-3.6202278295167756,4.102155878480661,10000000
49,1,9,5,3,159817.35159817355,826303.7225995776,11.571428571428571,-1.8101139147583822,2.056218797591872,20000000
50,1,9,6,3,159817.35159817355,826827.1823601712,10.714285714285714,-3.2186087097500815,3.7159349364538503,10000000
51,1,9,6,3,159817.35159817355,826827.1823601712,10.714285714285714,-1.6093043548750519,1.862564902389812,20000000
52,1,9,7,3,114155.25114155252,587755.6510157308,12.6,-2.239232157033333,3.0687888063762934,10000000
53,1,9,7,3,114155.25114155252,587755.6510157308,12.6,-1.1196160785166498,1.540932253828816,20000000
54,1,10,5,3,22831.050228310505,118073.61706751144,9.0,-0.3203240399333507,0.32032403993334624,10000000
55,1,10,5,3,22831.050228310505,118073.61706751144,9.0,-0.1601620199666698,0.16016201996667312,20000000
56,1,10,6,3,22831.050228310505,118083.95513505711,12.0,-0.3052304613166634,0.3052304613166675,10000000
57,1,10,6,3,22831.050228310505,118083.95513505711,12.0,-0.15261523065833726,0.15261523065833374,20000000
58,1,10,7,3,22831.050228310505,117981.67006691782,6.0,-0.4545666608000154,0.4545666608000174,10000000
59,1,10,7,3,22831.050228310505,117981.67006691782,6.0,-0.2272833304000077,0.2272833304000087,20000000
60,2,1,5,3,7197373.220411211,36220371.30175249,22.39238653001464,5.61952538364161,9.016976249360235,10000000
61,2,1,5,3,7670417.542080198,38609866.870940894,23.323572474377745,3.031189337229523,4.512070930417243,20000000
62,2,1,6,3,4065037.1926301164,20416092.345646653,16.165714285714287,-0.0675934417272206,5.994973024175541,10000000
63,2,1,6,3,4437683.608892731,22305803.140439883,17.725714285714286,-0.6181042269557513,3.496548691919077,20000000
64,2,1,7,3,2295886.865097585,11534259.858118037,40.96551724137931,1.1057354002806052,4.850659151009601,10000000
65,2,1,7,3,2463955.9027790558,12374170.90792401,42.118226600985224,1.1543378466566834,2.3431048320492542,20000000
66,2,2,5,3,8902526.07492812,44831678.66088943,17.23615160349854,-1.925032170559915,9.493617969318386,10000000
67,2,2,5,3,9317115.141666748,46916490.65796004,17.67930029154519,-1.2919132328005123,5.593985246023834,20000000
68,2,2,6,3,6652684.265568532,33437613.524160817,14.6208,-1.5445067915638488,7.92768270526573,10000000
69,2,2,6,3,7214805.408613537,36284278.87440223,15.5712,-0.5335348198797885,4.040933948355888,20000000
70,2,2,7,3,4548537.070528226,22852898.03886269,41.27047146401985,3.1120846530941826,6.424313940385569,10000000
71,2,2,7,3,4936152.66488025,24812929.999343336,42.28287841191067,1.3016876593827886,3.675705366254922,20000000
72,2,3,5,3,9713563.967569552,48903146.61756788,10.6532582461786,-18.402087980845792,18.992723773823,10000000
73,2,3,5,3,9913779.013518758,49907151.241632685,10.827031375703942,-8.600450694375784,8.950676066082641,20000000
74,2,3,6,3,8600045.93525993,43258464.29679772,24.616071428571427,-5.6298392234291565,8.80421017421022,10000000
75,2,3,6,3,9047245.034882251,45538068.54516153,25.205357142857142,-3.1355548834948066,5.663940285371344,20000000
76,2,3,7,3,7141345.695180181,35913438.17884201,22.54351145038168,-6.032150132137682,9.920246430132282,10000000
77,2,3,7,3,7623288.915758211,38354682.86642838,23.11145038167939,-3.5280490861012037,5.756514891486601,20000000
78,2,4,5,3,9477327.33943344,47721164.230229124,21.395391705069123,-13.701633069538099,16.004139226671075,10000000
79,2,4,5,3,9691020.178786367,48797771.62398054,21.705069124423964,-6.732626434359346,7.730612569259648,20000000
80,2,4,6,3,8535293.763251593,42947353.881597236,31.669383003492435,-7.3928544453265355,12.521879085349907,10000000
81,2,4,6,3,9001929.84833465,45321005.11281002,38.64726426076834,-4.4040923715708775,6.418252134023708,20000000
82,2,4,7,3,7313262.991267201,36773019.777303606,22.336810730253355,-3.7127253587908693,10.814539676473826,10000000
83,2,4,7,3,7774303.238027569,39122769.22256362,23.177347242921012,-2.4020489999413863,5.544328283389911,20000000
84,2,5,5,3,8055036.5943145715,40541830.80199625,20.31851851851852,-12.554878928037038,16.158410586609968,10000000
85,2,5,5,3,8284276.419327677,41691676.13652698,20.59259259259259,-6.640019035270061,8.510773593224755,20000000
86,2,5,6,3,7186505.53673956,36166994.37410138,39.43891402714932,0.6809363499942878,8.603158074536543,10000000
87,2,5,6,3,7469499.156478387,37595434.69508449,39.800904977375566,-0.7875345363575814,4.731934599589017,20000000
88,2,5,7,3,6260152.769223277,31482393.683032773,25.529837251356238,0.7000672865210777,9.874990373755011,10000000
89,2,5,7,3,6595488.14392874,33190181.229738947,26.039783001808317,-1.003397105333026,5.533638674957268,20000000
90,2,6,5,3,6226571.814095579,31318171.69888942,15.746086956521738,-9.715637920570463,13.839274595380768,10000000
91,2,6,5,3,6421925.641197822,32301359.93362353,16.142608695652175,-5.541592138086071,7.743625331328663,20000000
92,2,6,6,3,5478344.370077568,27551365.056378487,15.490683229813664,-0.1778104296459304,4.9395411177704895,10000000
93,2,6,6,3,5675993.607894463,28548656.644121956,15.962732919254659,-0.21146297221429355,2.8527944734654223,20000000
94,2,6,7,3,4947839.497781988,24858119.942778733,15.897911832946635,-3.80514223831363,8.879505518471124,10000000
95,2,6,7,3,5142781.138094165,25849682.83743987,28.844547563805104,-2.362362729386913,4.786408072417834,20000000
96,2,7,5,3,4389327.078100896,22084283.341824587,15.994858611825192,-10.137645116801986,12.65379250086503,10000000
97,2,7,5,3,4526993.88522518,22777618.097188998,16.611825192802055,-4.906485837687291,6.3467909623497505,20000000
98,2,7,6,3,3885827.4283770607,19547982.27923174,17.229850746268657,-2.6125488297725874,7.596443713784572,10000000
99,2,7,6,3,3995433.789954346,20100272.416221555,17.55223880597015,-1.508427711256477,3.943766696400159,20000000
100,2,7,7,3,3611440.744037487,18144818.064724497,33.58842443729903,-6.253089568146986,11.325686230526982,10000000
101,2,7,7,3,3721461.187214627,18705505.584320936,33.935691318327976,-3.8100364693439026,5.988363149934963,20000000
102,2,8,5,3,2931464.481887052,14771472.241551226,15.905882352941177,-8.982412075900271,9.347549985345301,10000000
103,2,8,5,3,2990867.579908684,15079019.676199244,16.023529411764706,-4.657959787913057,4.851825221113025,20000000
104,2,8,6,3,2608418.8180358354,13143073.73127459,16.139737991266376,-4.613334428214799,5.888460885675911,10000000
105,2,8,6,3,2648401.8264840227,13351457.18226301,16.29694323144105,-2.4983680154589516,2.9645337595311,20000000
106,2,8,7,3,2335178.670729897,11739094.534431849,41.85294117647059,-5.549352231750337,8.540763416784968,10000000
107,2,8,7,3,2374429.2237442937,11946264.275494695,42.05882352941177,-3.18826113917533,4.35482621381566,20000000
108,2,9,5,3,1940639.2694063897,9773038.401763976,15.216867469879517,-10.991606444300839,11.346697773429835,10000000
109,2,9,5,3,1940639.2694063897,9773038.401763976,15.216867469879517,-5.495803222150486,5.687568669614276,20000000
110,2,9,6,3,1851515.393537517,9325071.131976485,15.801242236024844,-9.32674826402945,10.106692966350376,10000000
111,2,9,6,3,1872146.118721458,9430277.046841677,15.950310559006212,-4.764760267825352,5.166985961449309,20000000
112,2,9,7,3,1714706.1456074314,8621482.053725805,14.92,-8.233146370159384,8.75829266619478,10000000
113,2,9,7,3,1735159.8173515948,8725782.88518194,15.16,-4.215480732233711,4.488274132235561,20000000
114,2,10,5,3,1305111.6654144246,6556483.660189056,15.345132743362832,-5.4771737879141025,5.9498165447196065,10000000
115,2,10,5,3,1324200.9132420078,6653703.994867307,15.610619469026549,-2.741256189567076,2.9850272407853238,20000000
116,2,10,6,3,1259431.9831699433,6330294.928151252,15.192660550458715,-4.785980610907692,5.427072133398447,10000000
117,2,10,6,3,1278538.8127853868,6427677.798470537,15.412844036697248,-2.448946734108548,2.77606852406676,20000000
118,2,10,7,3,1190741.8243250207,5976412.5111170495,14.446601941747574,-4.036203192775734,4.900240983355567,10000000
119,2,10,7,3,1210045.6621004557,6074792.421535343,14.504854368932039,-2.0694792521003813,2.509506189577855,20000000
120,3,1,5,3,8127905.193774503,40935059.83698368,19.508939213349226,-3.3647152756696164,10.245209997653328,10000000
121,3,1,5,3,8545510.616739057,43039247.134602204,20.123957091775925,-1.7256764134231939,5.26056680116538,20000000
122,3,1,6,3,5394233.184943031,27124772.743332714,15.0920245398773,-1.9792387132346434,8.837119699654934,10000000
123,3,1,6,3,5844290.623201499,29402288.01248111,16.15950920245399,-2.1464200513581333,5.095511614363336,20000000
124,3,1,7,3,3429492.3456604234,17265769.664957684,49.674418604651166,2.82260413183244,6.410726100845933,10000000
125,3,1,7,3,3645574.9187497622,18354778.33290971,50.691029900332225,1.714826292875693,2.984563541215323,20000000
126,3,2,5,3,9181718.434688574,46237584.74137227,16.72811059907834,-3.1436450423185103,8.926544864285905,10000000
127,3,2,5,3,9588659.799083231,48276273.95781042,17.09308755760369,-1.4830858774783073,4.677836789972374,20000000
128,3,2,6,3,7163308.334071223,36019185.9928913,14.212765957446809,0.1668606746707546,8.392887104082126,10000000
129,3,2,6,3,7781575.556786346,39138042.20985336,15.072340425531914,0.8769685415856543,4.505842310841941,20000000
130,3,2,7,3,5353559.4931525,26902984.799209267,35.88934426229508,1.4779072692403306,7.813349164572303,10000000
131,3,2,7,3,5921057.338828627,29779450.72963064,37.14344262295082,0.08338925824922239,4.48784535264909,20000000
132,3,3,5,3,9534264.629780605,47998845.98832518,15.098846787479406,-16.20215077246535,17.787676535799402,10000000
133,3,3,5,3,9844021.153255347,49551328.60953001,15.331136738056014,-6.934607648553182,7.967735496241934,20000000
134,3,3,6,3,8287595.929371296,41688070.75230434,19.75177304964539,-6.417874767347087,11.693833743642799,10000000
135,3,3,6,3,8849545.976181261,44523873.71202029,26.72340425531915,-3.96644564391484,6.935120891113458,20000000
136,3,3,7,3,6453850.599208741,32431234.490878113,23.43050847457627,-4.570652982844036,10.396712907611095,10000000
137,3,3,7,3,6977700.247803907,35067902.30751479,24.589830508474577,-2.650510558832031,5.96298659979591,20000000
138,3,4,5,3,9666315.193098787,48669297.787047856,19.885135135135137,-15.74052905809361,17.59687038876821,10000000
139,3,4,5,3,9918578.108000718,49933059.77638544,20.118243243243242,-7.734257892079254,8.982158422900117,20000000
140,3,4,6,3,8863196.512481006,44604201.071747646,24.714754098360658,-11.814799179951807,14.211951087427032,10000000
141,3,4,6,3,9259623.858495966,46619062.72544424,25.17377049180328,-7.696343872589207,8.726193585502624,20000000
142,3,4,7,3,7482796.214259076,37626875.54936652,22.246020260492042,-10.686410730615037,12.526854899294712,10000000
143,3,4,7,3,7980803.467556123,40143084.68522428,22.8972503617945,-6.316255153361039,7.388360895127449,20000000
144,3,5,5,3,9400213.086334603,47319434.79120286,22.01313320825516,-11.757877166511864,13.969857448350945,10000000
145,3,5,5,3,9654564.027085233,48601337.19999846,22.26641651031895,-5.141441601428875,7.138061416946896,20000000
146,3,5,6,3,8584120.291235004,43212552.10960542,25.380897583429228,-8.914377205056013,10.561093770893029,10000000
147,3,5,6,3,9084035.756484175,45750992.265120804,26.057537399309552,-6.043061107013337,6.75375787032146,20000000
148,3,5,7,3,7503555.192047672,37727140.83035615,21.836206896551722,-13.273433604268881,15.40026440688163,10000000
149,3,5,7,3,8037685.6168356575,40438116.282804444,22.70689655172414,-8.315958782877065,9.334880750541295,20000000
150,3,6,5,3,8363157.421912378,42065920.3335647,25.812128418549346,-18.088074883053462,19.49523858604635,10000000
151,3,6,5,3,8623941.214188691,43394442.04541663,26.325802615933412,-8.882915674332414,9.665990170484392,20000000
152,3,6,6,3,7481929.723363044,37642470.88521123,37.898403483309146,-6.486973200579394,11.173283170399017,10000000
153,3,6,6,3,7831822.928405989,39423799.56731286,38.386066763425255,-5.157886759740449,6.205961211061864,20000000
154,3,6,7,3,6553959.319141688,32963281.525650147,23.87713310580205,-8.185634971964028,12.398780697315464,10000000
155,3,6,7,3,6938889.82992754,34911647.060827985,24.409556313993175,-6.41961397087667,7.427521840151312,20000000
156,3,7,5,3,7114415.115682181,35783529.16625194,31.33644859813084,-24.006742783504976,26.064960906577983,10000000
157,3,7,5,3,7289471.274769542,36669893.60503305,31.766355140186917,-12.61830385413677,13.617866286226828,20000000
158,3,7,6,3,5927327.386856817,29801650.128182158,45.28089887640449,-9.27643952984132,15.588889095387417,10000000
159,3,7,6,3,6239475.190249593,31386094.19395152,46.08988764044944,-5.334616040451634,7.999356889264632,20000000
160,3,7,7,3,5292236.079000181,26609315.049389116,15.257510729613735,-6.408584726719891,12.55811397236808,10000000
161,3,7,7,3,5577150.685945509,28045168.395803098,27.412017167381975,-5.236421380635614,7.563106782099595,20000000
162,3,8,5,3,5521950.639411797,27797614.71699351,36.21818181818182,-14.656556289935052,17.32117247684391,10000000
163,3,8,5,3,5762169.287989414,29002448.053747546,36.88484848484848,-8.022192938362327,9.482815457603328,20000000
164,3,8,6,3,4707777.730109969,23692903.16223254,53.459715639810426,-5.671043837649615,12.698245751178971,10000000
165,3,8,6,3,5022831.050228297,25276734.825364992,54.29857819905213,-3.383295963308741,6.8945398960581,20000000
166,3,8,7,3,4381378.832833984,22034002.284787517,28.573643410852714,-8.271286148177426,13.155701345703886,10000000
167,3,8,7,3,4680365.296803648,23535405.057588663,29.348837209302324,-4.20176984624665,6.6561387072182505,20000000
168,3,9,5,3,4356573.547325965,21943432.545638558,29.1496062992126,-9.68513783632906,12.816459825528762,10000000
169,3,9,5,3,4452054.794520548,22423875.541785862,29.68503937007874,-4.9125116487080955,6.756837235077777,20000000
170,3,9,6,3,3832935.995164931,19302819.74025725,31.84070796460177,-3.852076677541194,7.112515511154224,10000000
171,3,9,6,3,4018264.840182657,20235541.393765472,32.47787610619469,-2.4433062499452762,4.17944226647734,20000000
172,3,9,7,3,3600649.3399403887,18114155.53549164,32.20062695924765,-6.811211547053775,8.602298444031549,10000000
173,3,9,7,3,3797677.7704728483,19107183.300097674,32.9153605015674,-3.5773481945025942,4.410989485441352,20000000
174,3,10,5,3,3327018.7831172096,16773306.11748855,14.968641114982578,-5.988787586533872,10.277598300277573,10000000
175,3,10,5,3,3378995.433789966,17028903.50293824,15.240418118466899,-2.9568534186867668,5.211174558603996,20000000
176,3,10,6,3,2951431.1963408343,14877547.594805554,15.372093023255815,1.6996163075265969,4.278157333134041,10000000
177,3,10,6,3,3036529.680365306,15298018.025977481,15.604651162790697,0.6278846157521389,2.3390443475370923,20000000
178,3,10,7,3,2703804.4165009283,13617261.264367789,36.325,1.5949684806802145,3.538970013622838,10000000
179,3,10,7,3,2808219.1780821993,14137591.867883839,36.65,0.5995405606993742,1.8097440524831487,20000000
180,4,1,5,3,8674292.913839078,43671550.62530206,23.65253360910031,-0.4576030298839129,8.358639979556513,10000000
181,4,1,5,3,9166182.754962754,46158251.203732096,24.1923474663909,-0.476189492441903,4.299010859850591,20000000
182,4,1,6,3,6606023.257410249,33238129.25712782,24.177924217462934,-3.129606642242877,8.78721121014526,10000000
183,4,1,6,3,7111675.534598772,35792914.16145112,25.225700164744644,-2.056662824152844,5.086737566591474,20000000
184,4,1,7,3,4341357.5911987815,21825607.644203153,14.359375,1.2753102350553824,7.02300443059478,10000000
185,4,1,7,3,4693017.071678306,23597769.524506256,15.53125,0.677812317609483,3.743826327632225,20000000
186,4,2,5,3,9323380.348822493,46939489.6759443,16.02266782911944,-12.76549910360597,14.016089706255904,10000000
187,4,2,5,3,9702519.983892882,48849439.97499241,16.472537053182215,-5.819847685947344,6.554979499289691,20000000
188,4,2,6,3,7779340.490351612,39153747.58474821,19.952261306532662,-9.907292496407516,14.133693761565052,10000000
189,4,2,6,3,8310972.666694168,41838110.604756996,20.464824120603016,-5.661417672994562,7.374546912658345,20000000
190,4,2,7,3,5976091.310402789,30054739.63923548,23.77900552486188,-6.584753099387397,10.742310781281345,10000000
191,4,2,7,3,6471267.604334523,32551189.77623715,24.751381215469614,-3.554954606313887,6.183880143491614,20000000
192,4,3,5,3,9532870.933159178,47993341.51387639,19.477537437603992,-23.196514847593498,24.276767211263188,10000000
193,4,3,5,3,9885672.52883312,49758351.7435745,19.831946755407653,-11.324529710560293,11.853389282270559,20000000
194,4,3,6,3,8451762.07073557,42511587.907975584,19.1753986332574,-8.579165716238213,13.461511529748735,10000000
195,4,3,6,3,9005013.70924601,45318515.52402311,25.886104783599087,-6.420704290468004,8.691846323811427,20000000
196,4,3,7,3,6853611.073155585,34453597.144829266,23.05015673981191,-7.341626235714893,12.144683437413239,10000000
197,4,3,7,3,7367603.191320287,37044298.485657096,23.746081504702193,-3.530340081750971,6.156170645229258,20000000
198,4,4,5,3,9587234.145806095,48260780.68849628,19.902192242833053,-13.855090311284767,15.154244371616901,10000000
199,4,4,5,3,9845793.984516684,49554505.91494494,20.27150084317032,-5.896074082210845,7.224634302314241,20000000
200,4,4,6,3,8633009.90976635,43448336.60319603,19.10135135135135,-4.121187140083348,8.85857547401935,10000000
201,4,4,6,3,9166953.175019015,46155146.120961435,19.66216216216216,-3.583732259146999,6.339423018466156,20000000
202,4,4,7,3,7159680.084462004,36006021.09934046,22.321804511278195,-4.9414701452962895,9.953840213733576,10000000
203,4,4,7,3,7652458.083436164,38489452.46312039,23.007518796992482,-1.5713016013639947,4.908036923455652,20000000
204,4,5,5,3,9532978.16572924,47990129.644335695,25.53214285714286,-12.744160957884155,14.65411113568884,10000000
205,4,5,5,3,9812366.65105272,49407109.91796736,25.90714285714286,-6.562761437178799,7.687516026422587,20000000
206,4,5,6,3,8714891.486977244,43875132.497676186,25.393592677345538,-3.211109577516502,9.153547282713264,10000000
207,4,5,6,3,9242380.96084708,46557209.492920525,26.1350114416476,-2.500878107684501,5.054011635442909,20000000
208,4,5,7,3,7430877.808932712,37369726.11914907,22.888567293777136,-11.656245226671825,16.02088709183473,10000000
209,4,5,7,3,8014296.543240941,40322645.03688094,23.739507959479017,-6.034539455401511,7.805921366870291,20000000
210,4,6,5,3,9102942.538523793,45838711.06025163,23.007106598984773,-17.80327234511414,18.957554815676918,10000000
211,4,6,5,3,9299602.037251275,46833226.74073564,23.281218274111676,-8.986914762544451,9.532857168236395,20000000
212,4,6,6,3,8208106.872301615,41303688.113743946,34.106463878327,-10.355647428067627,12.520759396535194,10000000
213,4,6,6,3,8494440.314866325,42757251.5329118,34.67680608365019,-5.313144559003414,6.554698757241462,20000000
214,4,6,7,3,7073219.1782317795,35573118.52145627,31.72093023255814,-11.301789279631858,12.953173846333474,10000000
215,4,6,7,3,7480455.783061849,37643708.96138513,32.40930232558139,-6.732659625117742,7.374050246884041,20000000
216,4,7,5,3,8546809.724873383,43044350.43745921,26.10576923076923,-19.429379109843335,20.65992392410345,10000000
217,4,7,5,3,8638108.711748837,43501276.17092187,26.358173076923077,-10.01047069220541,10.602434362053465,20000000
218,4,7,6,3,7475716.163362612,37636981.53077427,45.62811127379209,-7.346712384130316,10.784761616624039,10000000
219,4,7,6,3,7694168.214846938,38741577.22705381,46.120058565153734,-4.206493217272866,5.952903672433169,20000000
220,4,7,7,3,6500835.728662039,32704197.090741538,24.291666666666668,-9.073212915135365,10.593575741495078,10000000
221,4,7,7,3,6796967.5739527615,34215590.381094426,24.833333333333332,-5.978619319537659,6.408209372195732,20000000
222,4,8,5,3,7556507.391035124,38045920.685307436,28.92703862660944,-12.795574292298683,16.37735739667548,10000000
223,4,8,5,3,7677372.373160584,38659553.28088396,29.021459227467812,-6.840698816310686,8.831173400724808,20000000
224,4,8,6,3,6465449.5006457865,32547005.575995713,52.125,-8.311580214668924,10.64649743088103,10000000
225,4,8,6,3,6641490.638909427,33448525.972577173,61.78125,-3.878062746548061,5.318190777355769,20000000
226,4,8,7,3,5770934.813705487,29044120.013639636,14.805500982318271,-7.660046409793065,9.556277017678207,10000000
227,4,8,7,3,6026006.136088313,30344440.065900475,15.253438113948919,-3.8155276884775824,5.145730755898478,20000000
228,4,9,5,3,6371369.499618715,32085636.687955346,23.602094240837697,-11.689473751988055,12.989254980718625,10000000
229,4,9,5,3,6558710.739169673,33031913.58146861,23.926701570680628,-6.545291633984407,7.029731632703793,20000000
230,4,9,6,3,5504463.152420076,27721702.287367154,36.867617107942976,-12.630808185839836,13.726034934316045,10000000
231,4,9,6,3,5736700.830800576,28901288.615284722,37.33197556008147,-6.632700880167874,7.158958123880756,20000000
232,4,9,7,3,4933697.688183454,24843569.963764627,13.954441913439636,-12.118615778796782,13.219400107848411,10000000
233,4,9,7,3,5149254.542965633,25933733.29624743,14.432801822323462,-6.168629069920717,6.679514656068111,20000000
234,4,10,5,3,5280490.31235922,26563021.465683024,14.816593886462883,-18.28904952046555,19.828139131082953,10000000
235,4,10,5,3,5388127.853881263,27103813.832671475,14.868995633187772,-9.464859738704966,10.273339549044579,20000000
236,4,10,6,3,4513551.449727934,22709741.243480265,15.795,-13.839900938687432,15.383434674037455,10000000
237,4,10,6,3,4657534.246575339,23441443.847045247,16.065,-7.186839749590623,7.958850486735856,20000000
238,4,10,7,3,4060585.4686454427,20427306.16271172,13.429362880886426,-12.315363304704386,13.674817641487572,10000000
239,4,10,7,3,4229510.480801616,21283446.461805444,13.81163434903047,-6.000609963125381,6.952862627685917,20000000
240,5,1,5,3,8991923.459957926,45264481.29318958,17.136186770428015,-8.315583401902249,10.4882936389534,10000000
241,5,1,5,3,9370828.348135348,47175383.19288787,17.591439688715955,-3.3493400415010033,4.75695002679742,20000000
242,5,1,6,3,7001967.339961809,35198870.24542349,22.444771723122237,-9.311531143048802,12.709208670364506,10000000
243,5,1,6,3,7555316.234901041,37999973.91098571,23.487481590574372,-5.735707734682094,7.058955038334746,20000000
244,5,1,7,3,5001578.10583637,25142686.256857567,38.330357142857146,-4.616087056303475,9.965307094856948,10000000
245,5,1,7,3,5481011.828350791,27566632.904347826,39.575892857142854,-2.2932705784877383,5.248573788440003,20000000
246,5,2,5,3,9434253.304825708,47496842.06844237,15.148614609571789,-18.105805160200518,19.872599957460277,10000000
247,5,2,5,3,9818624.551911337,49414781.60354865,15.536523929471032,-8.190927166683082,9.397375210306384,20000000
248,5,2,6,3,8012700.744233509,40313053.212176494,19.97569866342649,-6.483292113928685,11.738084315133497,10000000
249,5,2,6,3,8628809.166145511,43435485.159965806,20.5224787363305,-5.4806502563966575,8.031564967198852,20000000
250,5,2,7,3,6257346.206316287,31469831.705103017,24.345323741007196,-4.476691194360405,8.991656429240164,10000000
251,5,2,7,3,6715530.042553896,33775630.10082331,25.392086330935253,-2.257090121023131,5.191957296012736,20000000
252,5,3,5,3,9530827.85923713,47990208.248294756,19.2,-18.995114086338127,19.773589059059834,10000000
253,5,3,5,3,9859698.299247,49628953.95622724,19.687966804979254,-8.413316918823643,8.782989069598578,20000000
254,5,3,6,3,8562830.68116965,43072590.82592703,18.896017699115045,-11.40056595547233,15.01089121584439,10000000
255,5,3,6,3,9141754.714271946,46008276.562427595,19.460176991150444,-7.002510921876337,9.62527397713619,20000000
256,5,3,7,3,7070336.017387658,35551412.66345696,22.663594470046082,-5.412273359399844,10.376864771901406,10000000
257,5,3,7,3,7619468.592881911,38321220.84377741,23.400921658986174,-2.6172005271230314,5.623370974598284,20000000
258,5,4,5,3,9629697.996302346,48478391.10746934,19.485049833887043,-19.876745413978767,20.53528859798519,10000000
259,5,4,5,3,9897945.067064332,49822729.111822866,19.808970099667775,-8.067021355726423,8.902775814507809,20000000
260,5,4,6,3,8629355.7043893,43425919.28128173,12.945251396648045,-7.741451204720995,11.52602845249844,10000000
261,5,4,6,3,9165350.495530428,46143211.71242978,13.582122905027934,-4.592870095221457,7.398612293174031,20000000
262,5,4,7,3,7264963.98349455,36534053.09978208,14.168888888888889,-9.251150990705359,13.280412499691435,10000000
263,5,4,7,3,7774319.5323124165,39108836.349408515,22.595555555555556,-4.0146547668100325,6.6269327626881935,20000000
264,5,5,5,3,9580679.981345376,48232481.384569034,15.075885328836424,-21.34520759598766,22.735758320869998,10000000
265,5,5,5,3,9846802.385218829,49579170.68040821,15.278246205733558,-9.728556219898387,10.771775340172006,20000000
266,5,5,6,3,8689523.341989754,43714185.08362156,13.087202718006795,-6.478212089727409,11.108093952440395,10000000
267,5,5,6,3,9144987.409887971,46025251.843584366,13.671574178935447,-4.064422245566046,7.075617738061919,20000000
268,5,5,7,3,7358648.901007152,37009390.18056685,14.008695652173913,-5.533299453842022,11.110173874331132,10000000
269,5,5,7,3,7861260.167209981,39550874.27984447,22.504347826086956,-2.9342239845904894,6.2866730078213875,20000000
270,5,6,5,3,9437319.247070942,47516236.76941237,21.886363636363637,-18.089773968392763,19.220794863016994,10000000
271,5,6,5,3,9595891.136482976,48315760.26625022,22.09659090909091,-9.012588428548607,9.5300739763836,20000000
272,5,6,6,3,8463490.75313387,42592986.80524966,32.547846889952154,-9.176622642850019,13.276680550111383,10000000
273,5,6,6,3,8823427.78671823,44413577.01621767,33.07177033492823,-5.493240067638294,7.533961058071219,20000000
274,5,6,7,3,7205183.2893570615,36233104.364094175,14.667678300455234,-5.846032702793158,10.998503428163193,10000000
275,5,6,7,3,7703722.185044345,38757703.88074075,23.690440060698027,-4.705441089727936,6.889380283418019,20000000
276,5,7,5,3,8862852.604174528,44616846.589830905,24.204395604395604,-22.00066095973119,23.734519559279867,10000000
277,5,7,5,3,9025196.882026436,45429336.967255935,24.46153846153846,-11.074022371273895,12.266204064579238,20000000
278,5,7,6,3,7974115.883095455,40115239.09316317,42.888,-13.092707752512112,16.82675393699101,10000000
279,5,7,6,3,8222184.341610932,41363687.66021868,43.488,-6.790241385010765,8.512803176076282,20000000
280,5,7,7,3,6739400.638463917,33880185.050852954,23.940691927512354,-10.975444187749439,14.500227516519844,10000000
281,5,7,7,3,6980829.545786206,35109327.22682814,24.316309719934104,-6.143069638877552,7.673639823283162,20000000
282,5,8,5,3,8033129.052016111,40445183.42729649,26.96212121212121,-21.17037209848617,22.580239211461205,10000000
283,5,8,5,3,8107033.244328681,40818372.95520229,27.181818181818183,-11.43845450568307,12.18540184827923,20000000
284,5,8,6,3,7183010.376306199,36135377.65387262,47.397260273972606,-13.389754370791508,15.659308640184369,10000000
285,5,8,6,3,7304126.174340256,36752397.21385148,47.55251141552512,-7.460004169662482,8.465121193232324,20000000
286,5,8,7,3,6167913.241526815,31000981.70266369,15.69060773480663,-13.024425735825728,14.896800275768433,10000000
287,5,8,7,3,6386110.394557961,32112543.604369596,15.966850828729282,-7.740251528668384,8.36155107320983,20000000
288,5,9,5,3,7259680.094655435,36544250.53479068,22.101492537313433,-21.808616619211897,23.163745610462627,10000000
289,5,9,5,3,7351598.17351592,37005394.22978526,22.217910447761195,-11.370728022672827,12.089400424133519,20000000
290,5,9,6,3,6292116.534802881,31670795.11147983,44.30601092896175,-11.900236063531633,15.5182245794701,10000000
291,5,9,6,3,6369863.013698588,32060569.459596746,44.42622950819672,-6.605456735022441,8.445642699584603,20000000
292,5,9,7,3,5371629.830807502,27036057.882674765,15.397894736842105,-8.53632184743276,11.2364537423088,10000000
293,5,9,7,3,5525114.155251118,27805802.286774207,15.625263157894738,-5.91804859621109,6.995300482073665,20000000
294,5,10,5,3,6598493.182992997,33225504.487045646,14.251290877796903,-23.337021394955947,24.443475779017238,10000000
295,5,10,5,3,6666666.6666666195,33564492.821656086,14.364888123924269,-12.476582594863517,13.071232498444571,20000000
296,5,10,6,3,5609207.057649943,28258197.87523438,25.663967611336034,-12.42999929394044,13.432259255127066,10000000
297,5,10,6,3,5707762.557077597,28749034.92687549,25.821862348178136,-7.19835514779329,7.713670549858772,20000000
298,5,10,7,3,4912643.768258697,24730336.656323608,14.498855835240274,-10.524680966819522,11.717910207661925,10000000
299,5,10,7,3,5068493.150684918,25511633.85220386,14.842105263157896,-5.616417537227047,6.089634143356407,20000000
300,6,1,5,3,8913193.178799268,44868569.526978076,21.944497607655503,-12.715027335647344,14.945153253607938,10000000
301,6,1,5,3,9334969.063247178,46988889.48150669,22.386602870813398,-5.828111565195993,7.2096286349833,20000000
302,6,1,6,3,7073127.960669412,35546364.815128185,21.555869872701557,-5.714354092270579,10.723874232834243,10000000
303,6,1,6,3,7600292.72178234,38220443.62395841,22.42998585572843,-3.753643819606267,6.578382391714099,20000000
304,6,1,7,3,5278531.635358694,26538732.91224675,25.553684210526317,-0.33153993163935747,9.148933690754324,10000000
305,6,1,7,3,5810829.5552639095,29226582.144697934,26.930526315789475,0.3520450146005327,4.608883969805501,20000000
306,6,2,5,3,9457578.383722253,47607364.604160726,19.88936170212766,-19.271108715922313,19.739393274537623,10000000
307,6,2,5,3,9838162.146210875,49515913.89303353,20.22127659574468,-10.639437599155832,10.722527298093604,20000000
308,6,2,6,3,8133089.727859131,40923445.76000788,19.737783075089393,-11.429090793619123,14.406921861607575,10000000
309,6,2,6,3,8723824.914621579,43913039.92771071,20.438617401668655,-7.835404193607554,9.449124913080885,20000000
310,6,2,7,3,6486786.756293968,32632033.729142155,23.34453781512605,-5.867271526250695,10.299769913867712,10000000
311,6,2,7,3,7054064.117384738,35489467.915664084,24.383193277310923,-3.3224528113312224,5.578565060402658,20000000
312,6,3,5,3,9461036.675808216,47626707.344147,19.146179401993354,-19.984183297897317,20.756699817502852,10000000
313,6,3,5,3,9811837.78808401,49391096.527325235,24.04983388704319,-10.67528387879424,10.802044089099095,20000000
314,6,3,6,3,8489127.58630439,42711223.303955294,12.986577181208053,-11.2446378397565,14.498286649779915,10000000
315,6,3,6,3,9078979.987207467,45696909.20116275,13.476510067114093,-6.893833766641155,8.656911100223027,20000000
316,6,3,7,3,7101425.120043205,35693151.489792876,14.560975609756097,-7.582852614031877,11.322406328299884,10000000
317,6,3,7,3,7683370.16524037,38634709.13692442,23.661585365853657,-4.935905525707673,7.0737572273614076,20000000
318,6,4,5,3,9501193.800033893,47832886.506180994,15.063291139240507,-15.140687009803022,17.563911772837013,10000000
319,6,4,5,3,9838572.47281835,49530113.3868406,15.453164556962026,-7.349950969761753,8.731326056693124,20000000
320,6,4,6,3,8542976.449052287,42985713.43313135,13.08352144469526,-5.537098471267409,10.083686712833812,10000000
321,6,4,6,3,9196451.046072027,46301220.121950634,13.706546275395034,-4.168210670741335,6.8443013284397125,20000000
322,6,4,7,3,7261713.509216071,36502145.17423881,22.02654867256637,-11.015344038001562,14.4933234299287,10000000
323,6,4,7,3,7887483.6763292095,39667076.87503125,30.876106194690266,-5.364088956478829,7.913588347097937,20000000
324,6,5,5,3,9433512.646017982,47501819.54338261,15.551126516464471,-16.149705937545377,17.233536405093556,10000000
325,6,5,5,3,9740112.768352032,49050392.990644895,15.894280762564991,-7.52377900516551,7.962576615484221,20000000
326,6,5,6,3,8654335.287398025,43557777.27897703,13.326460481099657,-5.211494406544748,8.995652211931416,10000000
327,6,5,6,3,9216896.987560032,46406477.5228652,14.075601374570446,-3.74817849403849,5.458019327390557,20000000
328,6,5,7,3,7365914.783507436,37047482.83292847,22.63111111111111,-7.258491947236512,11.723132034741415,10000000
329,6,5,7,3,7901420.836268072,39754096.4094491,23.42222222222222,-3.0857735782518048,6.446999051491231,20000000
330,6,6,5,3,9488888.034546355,47770520.6898025,16.16270566727605,-15.484463134566727,16.533594416090835,10000000
331,6,6,5,3,9825812.684228247,49477000.79117542,16.6617915904936,-6.557911906930169,7.280155555758558,20000000
332,6,6,6,3,8548035.160792084,43019044.16239257,25.653488372093022,-7.899472278851826,11.355864112621768,10000000
333,6,6,6,3,9057845.761679925,45597202.71675258,26.302325581395348,-4.929205607253662,6.363275756079349,20000000
334,6,6,7,3,7461304.872654611,37544505.022309914,30.49122807017544,-9.570379477409407,13.029785114604831,10000000
335,6,6,7,3,7982541.615518913,40175831.06059839,31.140350877192983,-5.7948646042950696,7.102592139247786,20000000
336,6,7,5,3,9183039.140745362,46229165.23107934,17.437881873727086,-13.442675842948148,16.401114811497994,10000000
337,6,7,5,3,9346884.331285568,47056707.05936285,17.694501018329937,-6.49189562607555,8.272529588217955,20000000
338,6,7,6,3,8225818.920031361,41386287.70701803,20.99619771863118,-8.701120796931495,11.653920895746813,10000000
339,6,7,6,3,8572095.978847764,43135786.06845004,21.475285171102662,-5.459603252137213,6.715844487008553,20000000
340,6,7,7,3,7241246.271385524,36419303.2108639,31.481366459627328,-8.627390240339173,10.40423664101664,10000000
341,6,7,7,3,7605259.92775577,38265107.96692057,31.9472049689441,-4.7469165875852255,5.471774488808457,20000000
342,6,8,5,3,8419477.497488013,42325467.32319268,19.471830985915492,-14.310450142354568,18.243021575311815,10000000
343,6,8,5,3,8558553.203981256,43022585.1583783,19.683098591549296,-7.150324502481165,9.3504454430365,20000000
344,6,8,6,3,7624803.160869011,38338986.853825405,37.267605633802816,-7.325540314261936,10.359881644932651,10000000
345,6,8,6,3,7908825.437197497,39765881.01776742,37.63943661971831,-4.269109326032305,5.642199636482777,20000000
346,6,8,7,3,6670344.968693483,33521237.748127885,23.778151260504202,-9.663322484043945,11.978822346028076,10000000
347,6,8,7,3,7004835.755606093,35211105.16515105,24.352941176470587,-6.112898908088205,6.9140554552158315,20000000
348,6,9,5,3,7772489.67823032,39078642.389451094,21.076923076923077,-20.602579864436688,22.97866581526964,10000000
349,6,9,5,3,7864152.121507215,39539331.9506175,21.182186234817813,-10.463086225326023,12.02788231568205,20000000
350,6,9,6,3,6875339.0028216345,34573427.53587771,40.28708133971292,-15.029064234582535,17.05795667712387,10000000
351,6,9,6,3,7061713.257941212,35509304.82096103,40.622009569377994,-8.091401316590986,9.239409142510905,20000000
352,6,9,7,3,5959616.694769359,29971353.36964461,14.353159851301115,-12.938011138936956,14.30486779836711,10000000
353,6,9,7,3,6232876.712328728,31349350.006799083,14.754646840148698,-7.686752163893762,8.463870297082272,20000000
354,6,10,5,3,7180455.250984985,36116130.85025017,22.98009188361409,-19.937234850640817,21.343921304482542,10000000
355,6,10,5,3,7283105.022830991,36629519.6496469,23.17304747320061,-10.046354952107329,10.794353523007803,20000000
356,6,10,6,3,6254251.421575821,31480596.88345506,24.636690647482013,-13.975961011161397,14.899669306860847,10000000
357,6,10,6,3,6399867.3767837975,32205900.41760611,24.906474820143885,-7.693838194904734,8.166255325213765,20000000
358,6,10,7,3,5377661.3938563885,27048185.18930045,15.348837209302326,-11.970492621328665,12.822167790464533,10000000
359,6,10,7,3,5593607.30593605,28135010.08384515,15.767441860465116,-6.879033855098471,7.2073903132401025,20000000
360,7,1,5,3,9120337.801196322,45910679.07739183,21.526760563380282,-12.638075758809785,14.6782020254172,10000000
361,7,1,5,3,9568059.593636371,48164745.989960656,21.943661971830984,-6.048680871942224,7.3005291592057056,20000000
362,7,1,6,3,7515523.65552519,37796551.808475666,14.36461126005362,-3.2292584621012588,8.638632475524638,10000000
363,7,1,6,3,8143544.063507412,40975852.75753185,15.128686327077748,-2.50924800020641,4.662183782691564,20000000
364,7,1,7,3,5811535.548905529,29211662.089583155,25.13009708737864,-0.17961955580158007,8.129680134810954,10000000
365,7,1,7,3,6277312.481062167,31575432.21552144,26.062135922330096,-0.2957144808891754,4.333881024205409,20000000
366,7,2,5,3,9399055.122502169,47318315.67663729,19.99484536082474,-10.393277846848402,11.88371935100954,10000000
367,7,2,5,3,9825345.697832817,49458756.47642684,20.278350515463917,-4.128359006630589,5.043170499287211,20000000
368,7,2,6,3,8178890.067077589,41153600.97055422,26.1056338028169,-0.5732026196761386,7.768282593345015,10000000
369,7,2,6,3,8765369.265970107,44122681.83206142,26.774647887323944,-1.472770457168593,4.542937498818668,20000000
370,7,2,7,3,6604059.472575104,33212165.108539626,22.883031301482703,-7.413987743666562,11.439557718920987,10000000
371,7,2,7,3,7215968.632800276,36299719.38283766,23.911037891268535,-3.230867097454515,5.790706087152016,20000000
372,7,3,5,3,9467866.831710704,47665436.37029856,24.58197424892704,-15.24651297270868,16.952746204741924,10000000
373,7,3,5,3,9818859.663438229,49428938.04162681,24.854935622317598,-7.598746444196847,8.589512267359403,20000000
374,7,3,6,3,8572502.387724187,43121186.78773735,25.5,-9.251140495252141,12.660295380185977,10000000
375,7,3,6,3,9204007.261821967,46326240.21628957,25.993243243243242,-6.004764388477524,8.263846311772378,20000000
376,7,3,7,3,6929525.263956005,34828020.65227648,22.24770642201835,-8.239106265537444,12.201660430236346,10000000
377,7,3,7,3,7503507.5571141895,37724137.07461313,22.871559633027523,-3.6390352790831026,5.996866009999458,20000000
378,7,4,5,3,9555324.392982066,48102259.336818196,24.768166089965398,-18.13920241815008,19.557045790106315,10000000
379,7,4,5,3,9830264.364892645,49486898.95163158,25.1159169550173,-7.983360338064771,8.501921517775518,20000000
380,7,4,6,3,8543665.919664217,42979738.36354009,19.19047619047619,-6.48855207079817,11.113105532065642,10000000
381,7,4,6,3,9115233.788866278,45882079.17574142,19.85034013605442,-4.610832910163165,6.7039678524480895,20000000
382,7,4,7,3,7266385.0899560135,36529395.074476376,14.624434389140271,-9.615079803456938,13.847990235640129,10000000
383,7,4,7,3,7750252.786600503,38977860.35413485,23.248868778280542,-5.006800856449134,6.6318909483998825,20000000
384,7,5,5,3,9427938.738714445,47464504.60702298,21.097122302158272,-15.476641358290767,17.47534629987981,10000000
385,7,5,5,3,9787083.737714991,49279725.11217114,21.491007194244606,-7.531075988631841,8.679372736316422,20000000
386,7,5,6,3,8528332.549795136,42924607.900298305,25.637630662020907,-6.34475560638178,9.230874889339134,10000000
387,7,5,6,3,9078803.751613596,45708404.96014111,26.313588850174217,-4.093730891566039,5.384545200657528,20000000
388,7,5,7,3,7316241.529427931,36807320.212184325,22.44843049327354,-8.128770026937405,11.321173265322168,10000000
389,7,5,7,3,7789193.690116533,39198464.762823805,23.08520179372197,-3.7531083288286804,5.775187917352325,20000000
390,7,6,5,3,9450301.83304213,47572585.61862505,21.859981078524125,-16.707415275028538,17.834222065886596,10000000
391,7,6,5,3,9673754.869888866,48701793.36020369,22.149479659413434,-7.620064380034675,8.511035240420163,20000000
392,7,6,6,3,8629608.946474615,43425847.22263732,26.47596717467761,-8.388079869114573,11.444821524968539,10000000
393,7,6,6,3,9003517.76312993,45319947.72991949,26.85580304806565,-4.843715167903662,6.186113450886496,20000000
394,7,6,7,3,7505252.119819871,37744268.74359491,37.6656976744186,-11.004079284686874,14.47937535609953,10000000
395,7,6,7,3,7938349.114701906,39940733.74920124,38.17151162790697,-5.553719193778283,6.916612483392694,20000000
396,7,7,5,3,9329793.498780973,46958846.64989353,17.536174430128842,-18.186912492330244,19.558195645135132,10000000
397,7,7,5,3,9513708.204307668,47898395.79164741,17.80376610505451,-8.530515716360565,9.302912648631501,20000000
398,7,7,6,3,8530484.657666529,42939235.38605364,39.89818181818182,-12.955574096450473,15.624864899189623,10000000
399,7,7,6,3,8917153.65333599,44897789.22216624,40.276363636363634,-7.0223302367884095,7.928973771021254,20000000
400,7,7,7,3,7367222.337875152,37067700.86897491,30.788059701492536,-12.21528459287522,15.45941376516184,10000000
401,7,7,7,3,7808738.811147146,39309089.6245908,31.14626865671642,-7.327188726597744,8.379900934873186,20000000
402,7,8,5,3,8755703.087801576,44053070.9126768,19.19322033898305,-19.71874841610769,21.220569401745948,10000000
403,7,8,5,3,8911152.94685157,44839551.07414526,19.308474576271188,-10.38432421411527,11.063566177290554,20000000
404,7,8,6,3,7984748.566011871,40185131.05793994,49.37549407114624,-9.480356486317532,12.48686537120873,10000000
405,7,8,6,3,8362791.886491385,42091313.80744346,49.85770750988142,-6.109462570715085,6.998396636815071,20000000
406,7,8,7,3,7029164.284110516,35356274.65013016,23.257142857142856,-9.736869789849367,13.122706743794222,10000000
407,7,8,7,3,7479098.522325109,37633013.45533014,23.952380952380953,-6.648709189392288,6.937167017842233,20000000
408,7,9,5,3,8251927.186197338,41519885.386610635,27.522077922077923,-19.565461238971483,20.691722483589356,10000000
409,7,9,5,3,8333333.333333311,41927819.23073648,27.576623376623377,-9.772517784652035,10.356686766050931,20000000
410,7,9,6,3,7235347.399732166,36414839.98361806,39.633281972265024,-11.178193031891738,11.96782683798127,10000000
411,7,9,6,3,7488584.474885791,37682426.93489951,40.11402157164869,-6.222408137674929,6.595628943799901,20000000
412,7,9,7,3,6463732.62504204,32515013.573720966,24.105263157894736,-12.80198922120741,13.896489652071645,10000000
413,7,9,7,3,6741142.650312013,33920044.216627054,24.705263157894738,-7.436033590130897,7.536537476347573,20000000
414,7,10,5,3,7596057.589076681,38221217.7679421,29.548295454545453,-18.96855451514621,21.018636825821307,10000000
415,7,10,5,3,7716894.9771689,38828197.32047592,29.744318181818183,-10.006777317392125,10.893434974414715,20000000
416,7,10,6,3,6667183.482657655,33560865.67229666,33.11675126903553,-17.319909953692083,18.157421297372338,10000000
417,7,10,6,3,6872146.118721409,34580425.25633367,33.53299492385787,-9.009657359156176,9.428565269431138,20000000
418,7,10,7,3,5957867.792136646,29972083.774860557,24.95505617977528,-16.52156654454834,17.32971548998391,10000000
419,7,10,7,3,6261958.817139338,31499651.819765717,25.59550561797753,-9.291883671380653,9.653947094233798,20000000
420,8,1,5,3,9124543.082327818,45927454.629501104,16.43551401869159,-9.563688746173638,10.864493510174638,10000000
421,8,1,5,3,9595799.74330882,48308887.2702446,16.917757009345795,-5.115422021536197,5.496828981013356,20000000
422,8,1,6,3,7654473.567249417,38507524.28678443,14.305263157894737,-4.384468914714679,8.912759236145746,10000000
423,8,1,6,3,8211350.551471699,41337630.92026528,15.157894736842104,-3.577914608114008,5.307164596275749,20000000
424,8,1,7,3,6098464.560492468,30667392.915398553,23.96709323583181,-4.033504904905683,9.63906379036449,10000000
425,8,1,7,3,6561384.632473792,33004150.261692483,24.954296160877515,-2.4336274762194243,5.323102497637635,20000000
426,8,2,5,3,9397536.748445867,47321109.491328396,20.150442477876105,-16.567547090112456,17.554226124013425,10000000
427,8,2,5,3,9778295.172118057,49234709.61473381,20.48495575221239,-8.295859911368042,8.638356205588725,20000000
428,8,2,6,3,8451407.25834374,42521214.216012746,26.72345390898483,-9.234148447727286,12.304610787899959,10000000
429,8,2,6,3,8969977.891882045,45151327.72631934,27.28354725787631,-5.972252435629988,7.661554843889899,20000000
430,8,2,7,3,6900607.148029683,34680020.81018474,22.716323296354993,-9.49497256029036,13.311739966747723,10000000
431,8,2,7,3,7476744.9550389815,37591961.90327026,23.37242472266244,-5.708486590664386,7.565902398171183,20000000
432,8,3,5,3,9494402.80730502,47803837.926582165,24.286689419795223,-18.86616482042808,19.743652647567654,10000000
433,8,3,5,3,9840593.934530588,49545562.96829057,24.609215017064848,-9.672576261669619,9.972249069962533,20000000
434,8,3,6,3,8542545.54022042,42973138.294113435,18.972789115646258,-9.259363335502634,12.623286965866784,10000000
435,8,3,6,3,9184217.535321904,46233564.930441074,19.45578231292517,-5.5777686002904,7.568406031970226,20000000
436,8,3,7,3,7099383.3285483,35692036.6391152,14.700460829493087,-6.854345722036714,11.948466229078141,10000000
437,8,3,7,3,7720382.74088263,38830809.46305757,23.83410138248848,-4.154577651960678,7.175541824060703,20000000
438,8,4,5,3,9470132.22546173,47683198.13411413,24.75257731958763,-19.100254342206348,19.900026508612413,10000000
439,8,4,5,3,9835817.544727428,49524226.33780493,25.18041237113402,-9.064336579179278,9.369041989747478,20000000
440,8,4,6,3,8465329.572139861,42593135.383668646,18.960272417707152,-6.1421361867268764,10.028032574509616,10000000
441,8,4,6,3,9104933.175531795,45834862.574625276,19.65493757094211,-3.5784223221244527,5.967537038692036,20000000
442,8,4,7,3,7186679.507312917,36147895.15037278,14.153153153153154,-2.426901522700986,10.40301396726419,10000000
443,8,4,7,3,7828521.64825136,39392637.55142646,23.117117117117118,-1.2428144556396958,5.983812394258125,20000000
444,8,5,5,3,9410514.400590347,47375334.37718657,21.253867151956324,-16.96378753820066,17.573283908953645,10000000
445,8,5,5,3,9750152.451416392,49090065.17732278,21.712465878070972,-7.402700633553394,7.55934679372992,20000000
446,8,5,6,3,8504524.713801334,42799206.56998962,19.46650998824912,-2.9256155122128535,10.020606131568107,10000000
447,8,5,6,3,9007898.939582707,45345337.84969558,20.065804935370153,-2.263653356121531,5.912144941257175,20000000
448,8,5,7,3,7302336.042075226,36734477.72501109,22.64864864864865,-1.7789148385111808,10.946535500500822,10000000
449,8,5,7,3,7870183.311358742,39606726.655315354,23.504504504504503,-0.3487897418339325,5.838955218876158,20000000
450,8,6,5,3,9523299.062983826,47944443.81135427,27.269121813031163,-20.85363631676057,21.438479029675655,10000000
451,8,6,5,3,9818666.812318994,49435420.53216952,27.69971671388102,-8.93746476829288,9.094076453378257,20000000
452,8,6,6,3,8616478.282646121,43367317.10037648,19.897374701670646,-7.414544159523883,11.766167039747947,10000000
453,8,6,6,3,9084645.61857341,45730067.50080835,20.484486873508352,-4.0653731081531035,6.086426586767883,20000000
454,8,6,7,3,7295547.522519672,36715949.96289758,30.444780635400907,-6.2219617732313885,11.174364794958185,10000000
455,8,6,7,3,7793321.872577732,39232234.711473666,31.125567322239032,-4.546152569647743,6.347793960407354,20000000
456,8,7,5,3,9281710.9709673,46720852.753930174,23.491935483870968,-21.293638586215526,22.029935168440836,10000000
457,8,7,5,3,9504090.460604401,47845558.98114745,23.739919354838708,-10.35867272829033,10.576288325831982,20000000
458,8,7,6,3,8496946.119695177,42755030.50692013,33.348837209302324,-15.919611848639404,18.62680088235776,10000000
459,8,7,6,3,8861497.089075802,44597901.816586114,33.70134638922889,-8.742815362349866,9.356854336308558,20000000
460,8,7,7,3,7352573.385789565,36994392.45930818,47.75342465753425,-10.28407125592995,14.283266527589934,10000000
461,8,7,7,3,7796886.034867176,39244274.23669652,48.22831050228311,-6.58933412721211,7.874185640788545,20000000
462,8,8,5,3,9054498.459218508,45567560.67708822,23.98085106382979,-19.468467960031475,20.24352749501738,10000000
463,8,8,5,3,9290852.013797097,46760728.82432811,24.17872340425532,-10.26036244453028,10.516206138207316,20000000
464,8,8,6,3,8327318.737210642,41901149.4162239,34.734015345268546,-14.020672747071428,15.816562975695136,10000000
465,8,8,6,3,8750107.920762599,44039836.62886345,35.14066496163683,-8.779215790545381,9.075521286465687,20000000
466,8,8,7,3,7135791.440372201,35900169.05048271,49.114960629921256,-14.074549115100387,15.614415772258884,10000000
467,8,8,7,3,7536534.827486357,37929992.167197324,49.58740157480315,-8.304347965618241,8.842654173977655,20000000
468,8,9,5,3,8410059.363009004,42319981.326563865,32.681927710843375,-23.224770002018825,24.2177670880224,10000000
469,8,9,5,3,8570086.655726068,43124867.80859379,33.028915662650604,-11.842608402320742,12.3513028159957,20000000
470,8,9,6,3,7621433.279169687,38334828.223634295,37.00711237553343,-19.159505588351745,19.941507214269322,10000000
471,8,9,6,3,7905721.910246758,39759987.14293848,37.36557610241821,-10.361505896926705,10.754241115901657,20000000
472,8,9,7,3,6670718.456836885,33547867.039835785,23.587939698492463,-13.663702060125527,15.14113486416328,10000000
473,8,9,7,3,7004321.786519544,35223217.809565134,24.07035175879397,-7.90551640168935,8.311013502605967,20000000
474,8,10,5,3,7910560.646462073,39806959.50496181,21.22769640479361,-23.166526286808974,24.39274621203018,10000000
475,8,10,5,3,8059360.730593575,40555527.38619636,21.499334221038616,-12.259876332649778,12.902775917552885,20000000
476,8,10,6,3,6941642.843703681,34929810.48668483,31.816164817749605,-16.83789630907472,17.623673328131677,10000000
477,8,10,6,3,7182248.507330443,36128024.52879738,32.14896988906498,-9.04425511462863,9.436990333603584,20000000
478,8,10,7,3,6143076.47010104,30895943.72998214,24.41304347826087,-10.583945815138263,11.681708981549932,10000000
479,8,10,7,3,6433133.109804681,32349225.157285716,24.847826086956523,-6.701598415435184,7.107095516351797,20000000
480,9,1,5,3,9050212.482239146,45546412.35840811,27.373191899710704,-14.517212756104914,15.323758853538427,10000000
481,9,1,5,3,9600146.186016832,48322412.64964261,27.90549662487946,-7.458664019716899,7.669364169851896,20000000
482,9,1,6,3,7647819.3895316925,38471981.656140685,21.170409511228534,-6.605266479719862,10.16911713199027,10000000
483,9,1,6,3,8260189.678609835,41567683.742855,21.98678996036988,-4.588158922133722,6.570039355278909,20000000
484,9,1,7,3,5884541.093997608,29578558.569769286,13.600746268656716,-8.624516263775861,11.581834826117214,10000000
485,9,1,7,3,6438351.876767279,32381448.38124121,14.60820895522388,-5.255110410866537,6.378214833274447,20000000
486,9,2,5,3,9352760.648152482,47075945.292839184,20.833034111310592,-14.988439834863287,15.334393183840215,10000000
487,9,2,5,3,9822703.137861196,49438536.40540568,21.360861759425493,-7.856940378708388,7.870509500449859,20000000
488,9,2,6,3,8242287.074963232,41473443.0442121,20.472289156626506,-10.379132150686665,13.959065717686563,10000000
489,9,2,6,3,8796789.59231105,44275649.82293369,20.942168674698795,-6.524298750109992,8.525269785192087,20000000
490,9,2,7,3,6740084.454911048,33868541.38485386,23.274509803921568,-11.275933764918712,13.942357620155773,10000000
491,9,2,7,3,7284039.5341048045,36625125.9945022,32.794117647058826,-6.2796531900708,7.547812413454894,20000000
492,9,3,5,3,9414796.362044163,47390982.57420565,20.222811671087534,-23.13961168969001,23.517171414082757,10000000
493,9,3,5,3,9830991.648784934,49487866.10303818,20.6737400530504,-12.316790322091286,12.406660316134952,20000000
494,9,3,6,3,8378508.563678687,42166640.92168244,19.654929577464788,-15.199301944774223,18.248559668143315,10000000
495,9,3,6,3,8871739.474838877,44663231.19759427,20.070422535211268,-8.36098001279404,10.135916660376564,20000000
496,9,3,7,3,7104614.211479634,35726418.347698435,22.356923076923078,-12.355440616480728,14.756752391870506,10000000
497,9,3,7,3,7664374.73590708,38553548.29528772,31.393846153846155,-6.718673897125793,7.738211770939659,20000000
498,9,4,5,3,9439444.264759736,47521317.581392884,21.038251366120218,-21.646104988754956,22.43407570139811,10000000
499,9,4,5,3,9776919.95379994,49223174.72353422,21.360655737704917,-10.18423488163106,10.443495079225938,20000000
500,9,4,6,3,8381145.898452286,42175351.8776406,19.473560517038777,-9.591109371373708,13.508301488238091,10000000
501,9,4,6,3,8921866.022191903,44919122.99658159,20.044653349001177,-5.3033707453162044,7.199912195480097,20000000
502,9,4,7,3,7102188.172050319,35708556.44331379,14.383177570093459,-7.23162660602692,10.432072328966589,10000000
503,9,4,7,3,7622811.548251226,38350260.56054737,23.588785046728972,-2.9924907058343275,5.084726941423467,20000000
504,9,5,5,3,9378603.489389107,47199757.593007356,21.95274102079395,-21.302863491898417,22.17539262526131,10000000
505,9,5,5,3,9698099.075720314,48819677.97560861,22.406427221172024,-9.158077637027628,9.351656732522649,20000000
506,9,5,6,3,8320232.951531115,41857926.81756899,19.77750906892382,-6.786498364201277,11.726035788001909,10000000
507,9,5,6,3,8845172.716501608,44518807.1959907,20.328899637243047,-4.150340114602424,6.31964004512196,20000000
508,9,5,7,3,7137244.361704126,35895717.99137655,22.788819875776397,-4.454332139492068,9.74226674966814,10000000
509,9,5,7,3,7637260.86731702,38427846.445762426,32.02173913043478,-2.7634126063552533,5.35918803059501,20000000
510,9,6,5,3,9349794.74686385,47056317.929434784,28.068897637795274,-21.53276014770491,23.03074541912715,10000000
511,9,6,5,3,9600989.36448227,48333025.551685505,28.41732283464567,-10.620287241926285,10.889527255928293,20000000
512,9,6,6,3,8296837.221921975,41749573.75075141,26.671641791044777,-5.767795090625116,11.105050231137714,10000000
513,9,6,6,3,8770638.78997402,44149798.05242383,27.238805970149254,-4.851032586248094,6.634626604264275,20000000
514,9,6,7,3,7116053.199340121,35796322.15786719,30.783825816485226,-8.208705250594617,11.808528616645782,10000000
515,9,6,7,3,7611121.883216394,38307115.95603315,39.88180404354588,-5.771230626715607,6.869919239035995,20000000
516,9,7,5,3,9156290.691061733,46090828.137704216,29.049382716049383,-19.99057803492693,20.70896192277952,10000000
517,9,7,5,3,9396277.395219611,47307831.76382118,29.32716049382716,-9.994538421193866,10.20945353168547,20000000
518,9,7,6,3,8247903.660127633,41506596.62155138,20.50063532401525,-11.840286459199223,13.038869448427112,10000000
519,9,7,6,3,8635123.083071109,43471764.3976243,20.950444726810673,-8.052093377711122,8.293185537436027,20000000
520,9,7,7,3,7153376.101373028,35983561.927372,47.88785046728972,-8.631336216950247,10.265780869994167,10000000
521,9,7,7,3,7576659.761428237,38135744.577566326,48.51401869158879,-5.864258656853682,6.134950255709011,20000000
522,9,8,5,3,8890027.325406535,44734958.88388686,24.199143468950748,-19.143905836642826,19.920393729835627,10000000
523,9,8,5,3,9200913.24200915,46310892.19736882,24.52676659528908,-10.346856880695443,10.602700574372449,20000000
524,9,8,6,3,8092948.696047113,40731774.999231175,28.369477911646587,-13.774847024100612,15.851703927383312,10000000
525,9,8,6,3,8418206.566766802,42372431.32359706,28.843373493975903,-8.748160676380135,9.143027811162458,20000000
526,9,8,7,3,6946322.42875644,34941657.12585908,40.61538461538461,-13.380920742187241,14.242596991120502,10000000
527,9,8,7,3,7377575.971404258,37127185.67462222,41.41346153846154,-7.486304070279248,7.8160216270291984,20000000
528,9,9,5,3,8465840.148743264,42614210.03629526,18.94255568581477,-21.882871014375837,22.823149212715283,10000000
529,9,9,5,3,8685074.961288447,43726531.233968854,19.287221570926143,-11.55494299163129,12.035025063781255,20000000
530,9,9,6,3,7638634.187846689,38435593.484805204,21.635846372688476,-15.386981919082388,16.405163179428367,10000000
531,9,9,6,3,7952354.159038355,40011805.24471128,22.0199146514936,-9.015470560918226,9.530764413620428,20000000
532,9,9,7,3,6712335.711899947,33769143.61403447,41.51,-14.287197913840677,15.062223914173822,10000000
533,9,9,7,3,7049136.551538621,35465677.95428659,42.03,-8.25520751221478,8.6427205123814,20000000
534,9,10,5,3,8082431.791445257,40660611.38630348,21.015384615384615,-24.95246849125834,26.19122069010273,10000000
535,9,10,5,3,8180634.327608252,41153423.8166056,21.146153846153847,-12.705891296989657,13.368311592016074,20000000
536,9,10,6,3,7145915.196600744,35952952.44667477,31.54446177847114,-14.748885681985225,15.61620069416847,10000000
537,9,10,6,3,7319874.311654549,36821424.939760745,31.638065522620906,-8.490872472532429,8.924529978624042,20000000
538,9,10,7,3,6366819.036124602,32020939.734619886,24.604240282685513,-12.842857077229809,13.617883077562992,10000000
539,9,10,7,3,6637805.697557829,33387555.11421834,25.12367491166078,-7.941191758379784,8.32870475854639,20000000
540,10,1,5,3,8957249.613422818,45081570.26791532,17.233663366336632,-17.169678313063486,17.129860860071446,10000000
541,10,1,5,3,9439766.326821001,47519540.47267614,17.833663366336634,-8.94906883009855,9.002760077883787,20000000
542,10,1,6,3,7594560.379018367,38204812.98239281,14.35973154362416,-12.231979598872588,16.19468612167198,10000000
543,10,1,6,3,8100896.777245669,40765655.81163849,14.979865771812081,-7.433002914832009,9.836656118414496,20000000
544,10,1,7,3,5735274.594114888,28842864.78452548,24.621880998080613,-9.063987085113856,12.513615825449525,10000000
545,10,1,7,3,6234363.653945608,31371161.716868296,25.381957773512475,-5.171611418846734,7.1270750866168,20000000
546,10,2,5,3,9303415.641113939,46833333.875083886,21.441258094357078,-21.076295342263805,21.49823105815339,10000000
547,10,2,5,3,9709302.191154426,48875540.309946425,21.879740980573544,-11.32321889608271,11.53788627066601,20000000
548,10,2,6,3,8195734.160437331,41230040.83360482,20.532515337423312,-14.1544830909487,17.99092663548351,10000000
549,10,2,6,3,8730086.590811424,43935679.2316236,21.040490797546013,-8.967764028036317,11.242635461945758,20000000
550,10,2,7,3,6634828.852514738,33335035.957259342,23.747899159663866,-10.97395528951589,13.776023989397027,10000000
551,10,2,7,3,7180381.4268319085,36102918.57540989,33.680672268907564,-6.160373644350836,7.510191589719859,20000000
552,10,3,5,3,9382968.69765286,47226175.00422648,16.328493647912886,-22.699900785662386,23.226839228295596,10000000
553,10,3,5,3,9792849.595883476,49298447.9485618,16.807622504537203,-11.424177176994565,11.556198972357501,20000000
554,10,3,6,3,8246234.461938345,41499019.109030314,25.89060642092747,-9.639421735278386,13.226822255916806,10000000
555,10,3,6,3,8709173.66923704,43851409.612004705,26.340071343638524,-5.847983818958047,7.768688910171975,20000000
556,10,3,7,3,7089534.911749611,35641054.47519792,22.61755485893417,-5.2426932365562395,9.692502788960041,10000000
557,10,3,7,3,7590384.468040382,38181997.51449071,31.74921630094044,-3.1260270523310263,5.396761759163529,20000000
558,10,4,5,3,9426689.398894131,47451559.185619906,16.806786050895383,-19.500695278045043,19.715941319281843,10000000
559,10,4,5,3,9713980.274746448,48906256.11617407,17.157398680490104,-8.718223948448156,8.715148824118044,20000000
560,10,4,6,3,8313206.246851606,41839694.64647555,32.177304964539005,-9.796109073288573,13.343006510052932,10000000
561,10,4,6,3,8867609.185531357,44651979.88171325,32.87943262411348,-5.870158098589906,7.145866038791277,20000000
562,10,4,7,3,7229689.638306249,36355071.677660726,22.69242658423493,-8.266958518440038,12.81598458278205,10000000
563,10,4,7,3,7782061.050063238,39150750.443916015,31.919629057187016,-4.058273690938618,6.201109755041033,20000000
564,10,5,5,3,9315146.04821895,46893642.40088847,27.79864472410455,-17.96403531113697,18.482368766748916,10000000
565,10,5,5,3,9556939.321595803,48116612.8987604,28.19941916747338,-7.8330608507453325,8.059814510425806,20000000
566,10,5,6,3,8281946.899039079,41667469.18748614,19.847852760736195,-3.5535652353231417,11.66330198976122,10000000
567,10,5,6,3,8757527.602844974,44092313.07795761,20.422085889570553,-3.2455621537916923,6.384670856778197,20000000
568,10,5,7,3,7257592.750388309,36500829.01784819,30.93603744149766,-2.973221027458184,9.866674805675844,10000000
569,10,5,7,3,7710656.946059305,38802975.381159626,40.174726989079566,-1.8755767747154484,5.387743420846693,20000000
570,10,6,5,3,9149140.90278657,46045498.24539197,23.52196118488253,-17.96765061123723,19.496944099538858,10000000
571,10,6,5,3,9451524.06610599,47577534.566944994,23.889683350357508,-7.868480386268983,9.186376522198868,20000000
572,10,6,6,3,8244961.453716057,41459600.56947245,19.845579078455792,-9.94013348205851,13.139727040620187,10000000
573,10,6,6,3,8695662.571495418,43748903.79687937,20.27895392278954,-6.723673128274843,7.3146713625158135,20000000
574,10,6,7,3,7168016.486122901,36041206.01857361,39.69953051643193,-7.018098018025276,10.114107005832661,10000000
575,10,6,7,3,7605066.686383987,38269142.19063904,48.97652582159625,-4.988979495628287,5.4490654629036,20000000
576,10,7,5,3,9012468.100308366,45365092.828585096,28.79378238341969,-14.138559316303246,16.271259561664397,10000000
577,10,7,5,3,9392729.685022954,47283341.43843735,29.260103626943007,-6.832672544637475,7.94351175903088,20000000
578,10,7,6,3,8124578.402330629,40877074.6071482,34.55038759689923,-8.781673649785338,11.36627832852246,10000000
579,10,7,6,3,8558792.50787308,43072565.46076816,34.992248062015506,-6.515815659840818,7.100710246691201,20000000
580,10,7,7,3,7084153.142909113,35645466.1809988,23.076923076923077,-7.1510168951218205,10.040088919370463,10000000
581,10,7,7,3,7570576.888271065,38113897.83916375,32.411302982731556,-5.226100635194387,5.505666570010893,20000000
582,10,8,5,3,8847739.646021763,44529544.82381999,30.19845644983462,-19.66916321399327,20.911794631483524,10000000
583,10,8,5,3,9164740.220066091,46138249.432886295,30.621830209481807,-10.531814994769316,10.897409932827633,20000000
584,10,8,6,3,7902263.252042027,39768417.13195857,21.16216216216216,-11.763990007331504,14.055612325675245,10000000
585,10,8,6,3,8287157.7167364275,41715840.935608976,21.518918918918917,-7.1737931605859835,7.602730043871646,20000000
586,10,8,7,3,6900805.956089952,34712415.8041751,23.679611650485437,-12.44791696484957,14.283298010724227,10000000
587,10,8,7,3,7307597.76224062,36776890.88897377,33.116504854368934,-7.451665739999114,7.696134936007391,20000000
588,10,9,5,3,8544386.146110667,43000639.61517582,19.24620770128355,-24.819372108322025,26.210573943026255,10000000
589,10,9,5,3,8775705.672535472,44159232.526654325,19.56826137689615,-12.449690637888278,13.090840129623354,20000000
590,10,9,6,3,7585694.130206793,38158856.38258664,21.885877318116975,-14.756349801486268,16.10858149898327,10000000
591,10,9,6,3,7914054.826105521,39811165.57137726,22.313837375178316,-8.672214481914597,8.956578780364561,20000000
592,10,9,7,3,6818535.273051934,34299171.54415945,24.07843137254902,-14.29720197898705,15.267531481434032,10000000
593,10,9,7,3,7178362.508761078,36111048.85090942,24.568627450980394,-9.51574760194972,9.760216797957998,20000000
594,10,10,5,3,8270161.060942767,41634142.93168373,19.844444444444445,-21.55754590381237,22.697753423528923,10000000
595,10,10,5,3,8479235.714145936,42673481.6312243,20.192592592592593,-11.327791510647689,11.938822864861704,20000000
596,10,10,6,3,7219088.916002774,36329244.45790635,30.390317700453856,-14.111834176557736,15.536369057372113,10000000
597,10,10,6,3,7489667.3526972905,37683349.75746025,39.01361573373676,-9.484039951631097,9.827481997109915,20000000
598,10,10,7,3,6536464.576005165,32900592.19041721,24.4,-14.966680015481659,15.720922106442936,10000000
599,10,10,7,3,6882000.331549987,34636974.10702763,24.78974358974359,-10.292343981482222,10.381393849815485,20000000
