date,open,close,high,low,volume,money
2010-04-16,3474.055,3435.308,3514.659,3432.499,58457,60537672720
2010-04-19,3414.444,3213.307,3416.017,3186.052,123612,1.22163E+11
2010-04-20,3221.567,3229.914,3254.513,3184.809,153419,1.47625E+11
2010-04-21,3231.098,3282.333,3296.184,3222.858,121023,1.17676E+11
2010-04-22,3275.504,3251.239,3288.689,3226.155,140307,1.36603E+11
2010-04-23,3255.091,3237.398,3281.255,3236.843,121963,1.18817E+11
2010-04-26,3258.231,3235.99,3267.571,3228.207,116259,1.12931E+11
2010-04-27,3217.428,3156.483,3220.545,3124.553,146123,1.37951E+11
2010-04-28,3121.873,3148.285,3161.43,3112.366,133791,1.25505E+11
2010-04-29,3160.234,3104.143,3176.62,3102.748,121254,1.14207E+11
2010-04-30,3121.069,3125.241,3137.126,3062.854,193380,1.79009E+11
2010-05-04,3101.05,3096.525,3113.894,3081.482,157571,1.45597E+11
2010-05-05,3068.908,3095.842,3105.629,3052.128,153710,1.41123E+11
2010-05-06,3097.511,2991.078,3102.218,2978.324,181699,1.65149E+11
2010-05-07,2950.777,2920.009,2980.25,2888.371,256676,2.24361E+11
2010-05-10,2931.374,2939.999,2954.475,2895.053,218207,1.9039E+11
2010-05-11,2970.968,2819.574,2980.12,2816.181,246312,2.13415E+11
2010-05-12,2827.182,2853.857,2873.772,2801.779,315025,2.67167E+11
2010-05-13,2869.911,2914.472,2930.397,2845.413,255153,2.19478E+11
2010-05-14,2902.837,2878.859,2913.299,2868.492,228636,1.97483E+11
2010-05-17,2850.865,2723.964,2856.115,2713.986,221841,1.84586E+11
2010-05-18,2715.501,2807.45,2841.983,2709.615,306063,2.53977E+11
2010-05-19,2784.001,2788.979,2861.851,2739.496,362039,3.03927E+11
2010-05-20,2804.074,2769.848,2851.889,2748.233,305072,2.55462E+11
2010-05-21,2711.252,2810.181,2811.767,2684.442,317595,2.6158E+11
2010-05-24,2827.574,2918.061,2947.945,2821.323,306317,2.66098E+11
2010-05-25,2892.488,2825.793,2902.529,2823.689,300900,2.57842E+11
2010-05-26,2857.238,2850.793,2889.934,2829.31,339998,2.90294E+11
2010-05-27,2836.508,2912.362,2919.943,2800.661,339829,2.90331E+11
2010-05-28,2939.905,2875.164,2956.334,2863.781,318732,2.76998E+11
2010-05-31,2858.074,2801.734,2907.609,2796.683,350260,2.99322E+11
2010-06-01,2790.292,2771.169,2829.746,2741.523,436171,3.63172E+11
2010-06-02,2768.434,2785.455,2790.992,2728.239,358266,2.96054E+11
2010-06-03,2808.798,2758.025,2816.495,2751.411,358036,2.98586E+11
2010-06-04,2752.285,2770.744,2777.335,2732.441,337663,2.7827E+11
2010-06-07,2710.656,2715.132,2727.04,2689.683,307258,2.49102E+11
2010-06-08,2718.331,2733.88,2735.814,2693.558,241972,1.96796E+11
2010-06-09,2731.285,2799.942,2816.918,2710.872,345288,2.84142E+11
2010-06-10,2786.256,2781.131,2801.86,2774.343,261058,2.17378E+11
2010-06-11,2802.609,2783.534,2812.069,2782.57,215378,1.80054E+11
2010-06-17,2807.12,2763.482,2810.047,2761.547,190270,1.59209E+11
2010-06-18,2768.014,2727.64,2783.642,2716.806,269428,2.22616E+11
2010-06-21,2757.345,2816.157,2827.641,2729.384,282638,2.34854E+11
2010-06-22,2804.995,2808.233,2825.758,2802.987,229511,1.93019E+11
2010-06-23,2796.523,2776.249,2812.705,2754.764,248831,2.06963E+11
2010-06-24,2783.284,2782.278,2821.27,2762.244,308163,2.56502E+11
2010-06-25,2771.495,2765.343,2784.753,2748.517,258764,2.13879E+11
2010-06-28,2765.345,2753.521,2775.924,2743.641,217347,1.79234E+11
2010-06-29,2752.63,2611.482,2758.337,2609.159,311941,2.49651E+11
2010-06-30,2589.66,2589.084,2603.376,2574.014,257968,1.99605E+11
2010-07-01,2587.6,2555.929,2595.215,2546.721,253058,1.94702E+11
2010-07-02,2560.313,2557.321,2575.173,2490.177,384533,2.91748E+11
2010-07-05,2546.149,2541.271,2560.002,2491.372,375716,2.83574E+11
2010-07-06,2532.987,2575.981,2595.936,2523.018,382806,2.93581E+11
2010-07-07,2572.263,2579.916,2593.445,2558.696,331217,2.54694E+11
2010-07-08,2601.959,2580.454,2611.84,2574.585,268482,2.07757E+11
2010-07-09,2586.14,2661.368,2677.864,2575.15,350454,2.75483E+11
2010-07-12,2664.196,2671.358,2702.43,2658.259,318630,2.55127E+11
2010-07-13,2662.444,2636.547,2663.753,2631.029,317273,2.50779E+11
2010-07-14,2654.298,2657.838,2693.754,2643.033,335984,2.68148E+11
2010-07-15,2654.15,2614.563,2723.479,2611.669,478480,3.81866E+11
2010-07-16,2618.393,2623.482,2633.872,2593.1,381333,2.98292E+11
2010-07-19,2608.361,2704.056,2722.09,2601.676,390212,3.09983E+11
2010-07-20,2709.372,2753.52,2768.358,2707.576,402172,3.30223E+11
2010-07-21,2756.301,2752.078,2766.158,2741.748,317187,2.61329E+11
2010-07-22,2748.355,2791.743,2793.085,2744.169,397593,3.29645E+11
2010-07-23,2798.789,2791.201,2807.942,2773.124,336165,2.80883E+11
2010-07-26,2799.852,2804.674,2810.666,2777.146,303860,2.54324E+11
2010-07-27,2805.395,2785.581,2807.304,2780.657,307294,2.56721E+11
2010-07-28,2787.636,2895.409,2896.35,2782.727,368399,3.133E+11
2010-07-29,2895.243,2884.702,2903.45,2870.413,284687,2.46125E+11
2010-07-30,2882.18,2880.131,2889.238,2864,250345,2.15394E+11
2010-08-02,2895.172,2935.892,2960.089,2888.539,302570,2.64994E+11
2010-08-03,2937.139,2865.355,2943.599,2857.693,337090,2.93817E+11
2010-08-04,2870.661,2883.845,2901.349,2845.408,401463,3.45384E+11
2010-08-05,2882.248,2855.611,2890.02,2831.723,333818,2.86305E+11
2010-08-06,2861.292,2929.797,2932.878,2842.584,340356,2.93725E+11
2010-08-09,2925.147,2921.756,2941.061,2900.792,305499,2.66831E+11
2010-08-10,2922.211,2846.349,2930.28,2838.349,346966,2.99311E+11
2010-08-11,2849.248,2849.554,2882.483,2834.7,386328,3.29815E+11
2010-08-12,2830.346,2836.742,2878.358,2822.221,366922,3.12367E+11
2010-08-13,2837.488,2865.43,2871.624,2821.228,329250,2.80291E+11
2010-08-16,2859.104,2939.413,2953.227,2854.046,316773,2.7567E+11
2010-08-17,2945.007,2960.457,2974.588,2941.615,253767,2.24287E+11
2010-08-18,2967.764,2962.508,2987.449,2948.885,295864,2.62991E+11
2010-08-19,2967.31,2985.017,3018.351,2954.923,338394,3.02525E+11
2010-08-20,2976.71,2927.241,2983.806,2917.001,337115,2.97455E+11
2010-08-23,2928.225,2912.026,2944.687,2903.378,254960,2.23369E+11
2010-08-24,2905.548,2920.152,2965.045,2881.459,350205,3.06734E+11
2010-08-25,2917.034,2862.232,2927.713,2858.689,337714,2.92645E+11
2010-08-26,2891.217,2872.201,2900.198,2854.712,279834,2.40798E+11
2010-08-27,2867.899,2878.966,2881.133,2854.403,278254,2.38947E+11
2010-08-30,2891.638,2937.048,2968.826,2891.612,266601,2.33923E+11
2010-08-31,2922.955,2916.673,2928.312,2908.934,202762,1.77268E+11
2010-09-01,2930.762,2896.976,2962.58,2878.378,319978,2.79923E+11
2010-09-02,2925.134,2936.045,2955.793,2918.33,301104,2.64731E+11
2010-09-03,2940.121,2939.656,2946.703,2908.51,272198,2.38748E+11
2010-09-06,2953.572,2999.652,3000.836,2953.572,258191,2.30233E+11
2010-09-07,2997.76,3003.785,3005.027,2976.205,213412,1.91158E+11
2010-09-08,2992.952,3002.224,3005.142,2979.077,199484,1.78508E+11
2010-09-09,3011.393,2953.705,3014.865,2942.208,256338,2.28005E+11
2010-09-10,2960.317,2947.144,2962.708,2921.091,227948,2.00954E+11
2010-09-13,2956.835,2975.241,2990.326,2942.908,222682,1.97905E+11
2010-09-14,2979.385,2975.133,3003.191,2964.851,248515,2.21941E+11
2010-09-15,2978.375,2929.182,2982.07,2926.186,231849,2.05124E+11
2010-09-16,2933.053,2878.618,2937.578,2847.61,302366,2.61956E+11
2010-09-17,2883.65,2881.75,2891.751,2871.706,232534,2.00761E+11
2010-09-20,2887.21,2878.528,2897.501,2853.859,212320,1.83163E+11
2010-09-21,2886.648,2877.004,2892.208,2866.326,168230,1.45105E+11
2010-09-27,2888.464,2910.057,2920.191,2885.626,163652,1.42258E+11
2010-09-28,2904.891,2897.504,2911.428,2895.333,124338,1.08103E+11
2010-09-29,2900.374,2900.647,2918.604,2887.784,142544,1.23985E+11
2010-09-30,2886.159,2959.593,2960.89,2878.574,198757,1.74114E+11
2010-10-08,2980.006,3062.636,3080.496,2971.777,162251,1.48064E+11
2010-10-11,3082.038,3146.417,3170.418,3080.699,234528,2.19983E+11
2010-10-12,3135.771,3165.15,3174.112,3133.638,203442,1.9218E+11
2010-10-13,3177.299,3222.968,3225.393,3173.604,251094,2.40377E+11
2010-10-14,3241.1,3247.573,3271.018,3232.057,240210,2.34029E+11
2010-10-15,3233.986,3383.968,3388.888,3229.943,297174,2.95426E+11
2010-10-18,3397.336,3336.177,3430.276,3331.063,316896,3.20537E+11
2010-10-19,3364.234,3431.224,3441.357,3335.367,323330,3.26882E+11
2010-10-20,3396.445,3467.44,3521.814,3382.052,399315,4.12549E+11
2010-10-21,3481.452,3458.418,3505.532,3416.799,340089,3.52374E+11
2010-10-22,3464.404,3473.721,3507.308,3436.108,307151,3.19375E+11
2010-10-25,3492.775,3616.252,3618.45,3469.141,271670,2.87909E+11
2010-10-26,3620.521,3570.568,3631.658,3536.927,250801,2.69835E+11
2010-10-27,3577.144,3504.659,3620.291,3490.44,321670,3.42609E+11
2010-10-28,3512.583,3533.607,3554.664,3502.438,263495,2.77944E+11
2010-10-29,3511.475,3437.745,3518.104,3417.328,288874,2.99502E+11
2010-11-01,3468.037,3574.144,3594.041,3461.413,244575,2.58657E+11
2010-11-02,3577.574,3520.655,3606.655,3518.652,285009,3.02821E+11
2010-11-03,3553.777,3497.372,3558.777,3476.408,316126,3.32464E+11
2010-11-04,3514.247,3558.397,3568.128,3499.432,262780,2.77292E+11
2010-11-05,3608.875,3624.98,3671.309,3599.601,237152,2.5619E+11
2010-11-08,3645.001,3619.318,3648.722,3594.842,178364,1.9231E+11
2010-11-09,3623.191,3591.157,3627.528,3574.206,178743,1.91384E+11
2010-11-10,3594.82,3562.818,3595.882,3526.794,196860,2.08737E+11
2010-11-11,3558.705,3552.792,3642.243,3537.488,262967,2.83311E+11
2010-11-12,3530.245,3329.57,3555.567,3293.83,322056,3.32189E+11
2010-11-15,3356.113,3349.857,3379.879,3316.744,250066,2.509E+11
2010-11-16,3350.122,3213.048,3359.829,3194.61,280901,2.75992E+11
2010-11-17,3183.155,3157.184,3241.271,3143.92,333507,3.18415E+11
2010-11-18,3182.505,3195.687,3226.198,3159.026,254669,2.4358E+11
2010-11-19,3218.296,3247.006,3258.08,3092.738,332329,3.15786E+11
2010-11-22,3230.234,3203.965,3253.454,3180.358,251197,2.4166E+11
2010-11-23,3198.005,3134.79,3199.477,3077.56,296240,2.77033E+11
2010-11-24,3125.699,3214.593,3238.436,3117.813,304615,2.90906E+11
2010-11-25,3232.478,3242.865,3259.864,3202.68,196712,1.89861E+11
2010-11-26,3246.741,3228.71,3257.881,3192.358,215645,2.07768E+11
2010-11-29,3226.357,3227.851,3251.759,3186.42,176948,1.70059E+11
2010-11-30,3224.664,3167.67,3239.805,3092.337,264939,2.49939E+11
2010-12-01,3167.621,3161.12,3182.892,3142.782,183664,1.73577E+11
2010-12-02,3197.312,3185.103,3236.711,3183.197,165884,1.59109E+11
2010-12-03,3195.65,3191.64,3205.99,3154.021,186801,1.77691E+11
2010-12-06,3204.156,3190.066,3225.821,3170.799,176241,1.68084E+11
2010-12-07,3170.804,3241.955,3261.878,3134.984,237404,2.26192E+11
2010-12-08,3223.912,3179.528,3248.675,3177.57,177577,1.70822E+11
2010-12-09,3194.42,3161.941,3205.985,3148.135,203388,1.92958E+11
2010-12-10,3151.515,3193.116,3218.924,3140.398,211261,2.00042E+11
2010-12-13,3232.743,3301.867,3308.665,3212.034,225302,2.19082E+11
2010-12-14,3306.984,3308.242,3324.639,3299.172,151746,1.49976E+11
2010-12-15,3316.881,3281.868,3324.672,3278.339,183694,1.81713E+11
2010-12-16,3285.744,3266.52,3307.948,3263.612,150634,1.48322E+11
2010-12-17,3283.896,3286.039,3292.448,3261.61,155517,1.52496E+11
2010-12-20,3308.644,3227.383,3327.633,3154.447,228182,2.20403E+11
2010-12-21,3237.815,3321.858,3324.352,3225.933,212149,2.07274E+11
2010-12-22,3322.046,3261.107,3325.906,3229.975,182673,1.79289E+11
2010-12-23,3262.235,3239.402,3292.822,3225.321,225295,2.18844E+11
2010-12-24,3232.621,3216.56,3243.803,3187.679,254832,2.44773E+11
2010-12-27,3227.659,3139.681,3283.745,3134.286,272374,2.61794E+11
2010-12-28,3139.624,3095.567,3147.805,3094.338,213440,1.99021E+11
2010-12-29,3092.012,3111.571,3115.08,3085.896,152974,1.41362E+11
2010-12-30,3099.097,3114.69,3135.305,3071.334,194219,1.79975E+11
2010-12-31,3119.158,3179.02,3182.543,3116.445,240072,2.25608E+11
2011-01-04,3195.231,3213.179,3236.543,3182.303,197547,1.89211E+11
2011-01-05,3209.526,3206.763,3224.36,3198.847,151371,1.44967E+11
2011-01-06,3220.035,3195.567,3244.199,3190.357,195083,1.8656E+11
2011-01-07,3185.364,3190.526,3249.869,3166.887,229108,2.19267E+11
2011-01-10,3201.161,3143.831,3220.053,3137.894,196329,1.86365E+11
2011-01-11,3147.825,3159.81,3160.995,3126.701,179948,1.68701E+11
2011-01-12,3169.405,3172.219,3185.265,3128.055,217577,2.04968E+11
2011-01-13,3185.724,3167.251,3194.336,3150.583,213245,2.01726E+11
2011-01-14,3163.332,3117.32,3165.475,3109.856,223512,2.08957E+11
2011-01-17,3109.299,2991.059,3115.113,2986.485,228665,2.08198E+11
2011-01-18,2989.875,2992.66,3005.469,2978.908,166932,1.49068E+11
2011-01-19,2999.076,3066.757,3073.476,2990.332,223443,2.02238E+11
2011-01-20,3064.92,2963.583,3066.881,2959.131,241601,2.17829E+11
2011-01-21,2961.635,3001.143,3067.505,2956.674,341054,3.06804E+11
2011-01-24,3014.667,2982.854,3031.215,2967.988,257719,2.30939E+11
2011-01-25,2990.972,2973.138,2996.177,2949.552,235440,2.09071E+11
2011-01-26,2968.127,2999.787,3011.799,2963.972,221280,1.97751E+11
2011-01-27,2997.227,3042.313,3060.706,2957.362,280123,2.53041E+11
2011-01-28,3039.635,3059.83,3071.203,3034.103,174644,1.59245E+11
2011-01-31,3051.876,3095.907,3105.311,3046.911,163269,1.50422E+11
2011-02-01,3103.62,3100.875,3114.126,3086.399,112427,1.04089E+11
2011-02-09,3094.953,3054.365,3112.895,3049.219,172141,1.58529E+11
2011-02-10,3056.175,3119.37,3131.95,3046.967,197662,1.8212E+11
2011-02-11,3123.326,3132.267,3145.128,3112.66,188813,1.76563E+11
2011-02-14,3136.606,3246.617,3256.874,3131.785,220159,2.11052E+11
2011-02-15,3255.462,3239.57,3276.49,3231.244,192742,1.88166E+11
2011-02-16,3241.355,3275.391,3276.334,3227.864,201527,1.96354E+11
2011-02-17,3282.087,3267.625,3294.692,3238.782,201044,1.9668E+11
2011-02-18,3269.427,3238.825,3275.85,3228.702,203877,1.98351E+11
2011-02-21,3232.971,3294.295,3298.445,3222.071,210400,2.05281E+11
2011-02-22,3298.201,3189.183,3304.831,3185.171,251207,2.42654E+11
2011-02-23,3185.026,3186.135,3209.862,3176.202,181015,1.73055E+11
2011-02-24,3185.756,3203.917,3219.944,3178.297,212721,2.03513E+11
2011-02-25,3212.332,3225.875,3247.274,3187.267,225156,2.16611E+11
2011-02-28,3224.921,3266.17,3271.681,3197.118,213993,2.07222E+11
2011-03-01,3271.565,3264.461,3293.398,3255.768,182880,1.78971E+11
2011-03-02,3253.146,3255.372,3272.795,3224.131,208519,2.02511E+11
2011-03-03,3260.49,3233.762,3293.235,3231.599,236076,2.30662E+11
2011-03-04,3243.077,3298.486,3301.881,3237.846,195244,1.90663E+11
2011-03-07,3299.782,3351.668,3362.403,3297.409,210345,2.10102E+11
2011-03-08,3346.777,3372.185,3373.496,3327.488,161604,1.61921E+11
2011-03-09,3378.727,3355.278,3382.563,3346.234,190401,1.9161E+11
2011-03-10,3349.753,3300.008,3351.411,3292.508,193598,1.92394E+11
2011-03-11,3295.329,3260.495,3314.553,3245.667,185710,1.8291E+11
2011-03-14,3267.134,3269.508,3284.9,3246.993,178140,1.74195E+11
2011-03-15,3262.604,3210.517,3267.298,3150.217,274136,2.62481E+11
2011-03-16,3235.32,3258.354,3266.279,3219.787,184163,1.78841E+11
2011-03-17,3248.684,3228.784,3257.578,3201.572,228994,2.21892E+11
2011-03-18,3248.653,3239.974,3268.287,3231.393,176017,1.71087E+11
2011-03-21,3240.02,3239.787,3294.788,3212.155,188479,1.8257E+11
2011-03-22,3250.108,3241.301,3256.958,3192.01,217278,2.10123E+11
2011-03-23,3239.869,3278.83,3293.733,3231.01,192070,1.8783E+11
2011-03-24,3284.807,3275.691,3288.482,3270.144,130418,1.27982E+11
2011-03-25,3281.162,3307.916,3333.471,3278.472,176092,1.74332E+11
2011-03-28,3317.048,3305.61,3345.916,3304.156,177950,1.77171E+11
2011-03-29,3300.999,3282.776,3330.751,3271.912,198473,1.96157E+11
2011-03-30,3288.037,3273.01,3293.285,3257.52,188198,1.84703E+11
2011-03-31,3274.555,3252.649,3282.443,3230.261,187459,1.82649E+11
2011-04-01,3252.767,3285.838,3289.669,3242.428,161411,1.57446E+11
2011-04-06,3284.651,3317.674,3330.134,3275.229,187403,1.8555E+11
2011-04-07,3322.057,3332.828,3337.515,3313.717,134280,1.33615E+11
2011-04-08,3334.32,3375,3375.347,3327.221,169593,1.7017E+11
2011-04-11,3378.621,3354.146,3391.931,3346.836,150607,1.52067E+11
2011-04-12,3348.113,3336.288,3361.218,3321.511,173194,1.7337E+11
2011-04-13,3329.835,3388.579,3391.039,3315.762,182094,1.82477E+11
2011-04-14,3392.161,3363.043,3394.518,3359.998,165240,1.67272E+11
2011-04-15,3367.941,3373.006,3397.837,3336.247,221686,2.23427E+11
2011-04-18,3372.899,3361.705,3389.791,3348.834,177991,1.79688E+11
2011-04-19,3349.392,3317.206,3350.991,3308.498,176528,1.7588E+11
2011-04-20,3325.52,3321.583,3333.674,3302.547,137275,1.36468E+11
2011-04-21,3334.263,3325.922,3350.794,3318.961,148446,1.48203E+11
2011-04-22,3330.013,3314.066,3341.288,3304.536,136684,1.35994E+11
2011-04-25,3308.517,3266.345,3310.651,3260.241,154643,1.51974E+11
2011-04-26,3261.606,3258.5,3272.785,3238.844,141394,1.37936E+11
2011-04-27,3263.333,3236.258,3268.717,3208.414,139156,1.35304E+11
2011-04-28,3244.777,3202.242,3257.847,3193.132,212259,2.05065E+11
2011-04-29,3200.338,3200.686,3222.144,3192.746,152638,1.46611E+11
2011-05-03,3209.36,3217.203,3224.549,3182.778,138980,1.33476E+11
2011-05-04,3213.639,3135.514,3213.695,3129.498,173430,1.64733E+11
2011-05-05,3125.54,3127.077,3146.007,3122.136,134741,1.26506E+11
2011-05-06,3116.37,3139.582,3150.201,3097.818,180745,1.69178E+11
2011-05-09,3143.608,3144.933,3160.883,3122.612,154966,1.45857E+11
2011-05-10,3143.132,3157.882,3165.341,3132.782,168669,1.59046E+11
2011-05-11,3162.304,3148.198,3173.004,3134.545,180820,1.70798E+11
2011-05-12,3134.407,3098.559,3149.726,3098.315,167320,1.56857E+11
2011-05-13,3111.231,3135.459,3143.656,3095.956,188816,1.76286E+11
2011-05-16,3127.463,3111.569,3143.414,3102.207,153870,1.4394E+11
2011-05-17,3108.967,3125.66,3145.843,3087.265,190707,1.78354E+11
2011-05-18,3126.664,3147.464,3157.923,3122.672,159861,1.50705E+11
2011-05-19,3152.895,3130.161,3162.475,3129.428,144332,1.36204E+11
2011-05-20,3132.777,3129.617,3144.862,3126.074,136698,1.28442E+11
2011-05-23,3123.308,3027.398,3127.838,3025.611,166646,1.53496E+11
2011-05-24,3024.739,3028.403,3038.228,3019.407,126454,1.14773E+11
2011-05-25,3025.633,3019.438,3041.637,2995.464,162638,1.47156E+11
2011-05-26,3025.711,2996.892,3033.297,2988.699,159923,1.44399E+11
2011-05-27,2999.315,2985.578,3017.806,2981.221,202890,1.82226E+11
2011-05-30,2980.842,2976.094,2993.942,2964.553,158954,1.41905E+11
2011-05-31,2977.682,3000.604,3013.935,2967.082,158269,1.41657E+11
2011-06-01,3002.698,3006.8,3009.345,2994.397,119675,1.0763E+11
2011-06-02,2986.979,2967.883,2994.291,2933.921,192662,1.71023E+11
2011-06-03,2969.874,2991.792,3003.911,2965.167,152626,1.36548E+11
2011-06-07,2990.011,3000.438,3006.776,2950.465,135721,1.21732E+11
2011-06-08,2995.698,3012.096,3020.67,2962.01,175368,1.57095E+11
2011-06-09,3014.342,2964.143,3015.718,2957.494,182339,1.63027E+11
2011-06-10,2966.565,2953.511,2974.235,2938.01,182322,1.61562E+11
2011-06-13,2945.983,2961.333,2963.758,2925.137,177488,1.5639E+11
2011-06-14,2959.644,2990.01,3001.678,2955.666,179355,1.60328E+11
2011-06-15,2993.985,2966.412,3000.501,2965.231,150865,1.34881E+11
2011-06-16,2955.064,2928.844,2956.543,2927.973,173435,1.52839E+11
2011-06-17,2932.488,2899.281,2941.808,2897.848,157832,1.38454E+11
2011-06-20,2892.843,2888.311,2902.772,2867.995,151431,1.3099E+11
2011-06-21,2893.932,2906.548,2911.733,2885.776,155275,1.34897E+11
2011-06-22,2912.756,2902.463,2922.853,2893.07,153937,1.34094E+11
2011-06-23,2897.135,2966.338,2980.468,2889.459,218811,1.91912E+11
2011-06-24,2966.368,3044.982,3066.182,2959.449,246389,2.22669E+11
2011-06-27,3037.25,3042.763,3061.239,3026.984,187849,1.71158E+11
2011-06-28,3046.645,3045.111,3056.764,3023.87,180865,1.64649E+11
2011-06-29,3053.34,3022.556,3056.08,3013.659,187749,1.70621E+11
2011-06-30,3021.899,3040.623,3085.9,3018.998,211249,1.93418E+11
2011-07-01,3045.327,3055.364,3081.756,3040.355,201880,1.85025E+11
2011-07-04,3064.938,3127.73,3134.987,3064.938,195755,1.82632E+11
2011-07-05,3126.899,3124.164,3133.236,3115.391,131061,1.22645E+11
2011-07-06,3124.367,3120.18,3130.605,3097.39,159098,1.48259E+11
2011-07-07,3124.532,3118.643,3154.245,3104.217,225974,2.1161E+11
2011-07-08,3126.815,3125.301,3139.671,3105.112,208389,1.94733E+11
2011-07-11,3118.16,3108.362,3126.173,3096.918,171964,1.60382E+11
2011-07-12,3092.522,3059.755,3096.36,3058.663,171435,1.58087E+11
2011-07-13,3068.095,3113.601,3119.852,3067.897,181422,1.68458E+11
2011-07-14,3116.301,3123.011,3131.314,3102.518,167659,1.56806E+11
2011-07-15,3123.457,3139.758,3148.089,3109.9,177418,1.66559E+11
2011-07-18,3152.641,3126.553,3160.366,3125.693,139121,1.30919E+11
2011-07-19,3121.7,3120.52,3122.704,3102.18,132266,1.23367E+11
2011-07-20,3131.885,3099.392,3134.878,3083.635,153161,1.42542E+11
2011-07-21,3095.682,3078.285,3117.272,3074.111,169879,1.57395E+11
2011-07-22,3087.593,3079.288,3100.719,3076.292,134465,1.24361E+11
2011-07-25,3068.043,2981.53,3068.841,2970.419,153481,1.38794E+11
2011-07-26,2982.75,2987.274,2989.82,2977.407,97551,87185465280
2011-07-27,2981.846,2998.809,3008.783,2959.659,172424,1.54508E+11
2011-07-28,2983.3,2994.445,2997.121,2970.006,142678,1.27471E+11
2011-07-29,2991.262,2975.842,3008.609,2961.976,183651,1.64191E+11
2011-08-01,2987.277,2992.117,3001.179,2971.547,130142,1.16599E+11
2011-08-02,2973.975,2968.383,2975.059,2929.518,172174,1.52074E+11
2011-08-03,2940.771,2964.444,2977.863,2937.329,156861,1.39179E+11
2011-08-04,2970.044,2967.564,2989.581,2961.228,123178,1.09757E+11
2011-08-05,2910.523,2901.322,2925.178,2877.053,158581,1.3813E+11
2011-08-08,2894.32,2801.317,2903.162,2758.192,244612,2.07058E+11
2011-08-09,2730.373,2825.084,2826.783,2708.37,280528,2.3279E+11
2011-08-10,2845.27,2814.329,2856.025,2811.797,190563,1.61893E+11
2011-08-11,2794.89,2886.736,2887.776,2790.388,274612,2.34204E+11
2011-08-12,2893.767,2867.121,2895.756,2864.1,185164,1.59629E+11
2011-08-15,2882.655,2903.813,2912.482,2868.634,174558,1.51118E+11
2011-08-16,2907.725,2880.839,2917.414,2878.549,159841,1.38916E+11
2011-08-17,2886.366,2891.36,2916.144,2886.055,184048,1.59983E+11
2011-08-18,2887.821,2847.954,2896.259,2834.586,180265,1.5507E+11
2011-08-19,2819.07,2807.013,2826.202,2789.629,192483,1.62067E+11
2011-08-22,2813.819,2788.54,2837.783,2767.826,205584,1.72558E+11
2011-08-23,2794.14,2834.075,2836.928,2783.812,215612,1.81303E+11
2011-08-24,2840.232,2802.443,2846.765,2796.906,191132,1.61893E+11
2011-08-25,2814.887,2915.2,2918.346,2813.385,274274,2.35779E+11
2011-08-26,2907.601,2896.752,2916.375,2875.365,214462,1.86157E+11
2011-08-29,2883.209,2858.295,2883.554,2844.54,211451,1.81394E+11
2011-08-30,2872.352,2834.946,2913.537,2832.168,248682,2.1434E+11
2011-08-31,2838.667,2849.138,2860.494,2828.819,221274,1.88624E+11
2011-09-01,2857.603,2830.867,2879.435,2820.978,242565,2.07067E+11
2011-09-02,2825,2811.075,2844.648,2794.335,229211,1.93237E+11
2011-09-05,2795.855,2750.87,2797.89,2746.336,192650,1.59476E+11
2011-09-06,2743.133,2740.392,2750.321,2715.853,207717,1.70171E+11
2011-09-07,2744.383,2778.523,2788.217,2731.077,234545,1.9399E+11
2011-09-08,2783.828,2764.924,2791.85,2759.029,182297,1.51716E+11
2011-09-09,2777.691,2752.721,2808.172,2740.916,259121,2.15064E+11
2011-09-13,2720.617,2724.927,2731.21,2702.555,185366,1.50971E+11
2011-09-14,2730.168,2734.139,2745.194,2677.219,281416,2.29228E+11
2011-09-15,2744.451,2730.86,2761.439,2727.474,262282,2.15786E+11
2011-09-16,2751.288,2737.683,2762.891,2732.692,207687,1.71058E+11
2011-09-19,2714.779,2672.105,2717.152,2671.194,151183,1.22115E+11
2011-09-20,2676.36,2707.037,2709.04,2670.535,200770,1.61809E+11
2011-09-21,2701.248,2768.375,2787.682,2678.819,285138,2.34178E+11
2011-09-22,2743.272,2686.834,2761.985,2682.816,231648,1.89329E+11
2011-09-23,2646.805,2669.825,2696.716,2626.862,317714,2.53311E+11
2011-09-26,2654.511,2607.073,2688.123,2603.916,279331,2.21469E+11
2011-09-27,2634.345,2650.265,2663.759,2620.239,258919,2.04939E+11
2011-09-28,2652.999,2620.482,2663.669,2604.333,233314,1.84399E+11
2011-09-29,2601.882,2608.889,2627.758,2584.842,264654,2.069E+11
2011-09-30,2611.573,2574.789,2616.74,2573.606,201915,1.57354E+11
2011-10-10,2601.186,2571.134,2606.861,2565.402,167565,1.29644E+11
2011-10-11,2643.4,2556.962,2652.704,2540.724,254445,1.97459E+11
2011-10-12,2545.56,2638.124,2652.906,2536.614,363812,2.8444E+11
2011-10-13,2645.474,2657.726,2672.531,2633.536,277816,2.21062E+11
2011-10-14,2661.863,2659.959,2672.317,2637.149,246961,1.96407E+11
2011-10-17,2670.634,2666.974,2694.07,2654.652,245909,1.96823E+11
2011-10-18,2641.525,2595.221,2651.275,2590.104,218165,1.71548E+11
2011-10-19,2608.421,2587.221,2627.422,2582.389,274273,2.13886E+11
2011-10-20,2566.815,2525.481,2571.264,2506.036,259182,1.9687E+11
2011-10-21,2533.05,2521.775,2546.832,2516.611,246362,1.8684E+11
2011-10-24,2537.66,2578.322,2599.763,2512.913,304590,2.33193E+11
2011-10-25,2582.828,2624.008,2647.939,2566.328,307812,2.40638E+11
2011-10-26,2628.573,2665.048,2685.352,2624.11,294074,2.34472E+11
2011-10-27,2670.703,2677.497,2681.684,2656.529,219410,1.75531E+11
2011-10-28,2700.972,2704.91,2746.925,2690.765,267237,2.1731E+11
2011-10-31,2705.337,2696.095,2712.868,2681.716,184750,1.49383E+11
2011-11-01,2689.338,2689.35,2736.927,2679.574,274962,2.23012E+11
2011-11-02,2672.527,2779.861,2781.457,2658.981,305370,2.47259E+11
2011-11-03,2773.617,2750.282,2788.601,2743.822,276639,2.29577E+11
2011-11-04,2783.29,2776.426,2797.613,2757.387,278560,2.31704E+11
2011-11-07,2764.44,2758.736,2776.631,2742.219,202558,1.67334E+11
2011-11-08,2755.633,2743.813,2771.711,2735.657,237624,1.95849E+11
2011-11-09,2757.281,2751.317,2770.615,2717.377,265151,2.1813E+11
2011-11-10,2716.66,2704.408,2736.415,2703.284,245717,2.0038E+11
2011-11-11,2711.94,2697.801,2727.798,2695.302,180419,1.46714E+11
2011-11-14,2728.038,2756.88,2769.213,2721.585,230615,1.9004E+11
2011-11-15,2750.948,2745.078,2760.77,2738.199,168734,1.39015E+11
2011-11-16,2753.803,2681.978,2756.948,2663.993,241671,1.95898E+11
2011-11-17,2680.763,2676.992,2696.465,2670.118,188826,1.51802E+11
2011-11-18,2662.632,2618.75,2663.874,2611.156,229563,1.81378E+11
2011-11-21,2618.028,2615.794,2623.49,2600.243,141325,1.10681E+11
2011-11-22,2604.822,2613.275,2626.054,2587.772,232600,1.8201E+11
2011-11-23,2617.735,2588.365,2622.99,2580.628,219034,1.70605E+11
2011-11-24,2574.266,2600.128,2615.822,2569.611,241913,1.87836E+11
2011-11-25,2594.413,2574.987,2604.814,2567.942,175163,1.35799E+11
2011-11-28,2589.772,2587.002,2601.714,2570.522,193723,1.50017E+11
2011-11-29,2597.027,2604.336,2615.198,2584.024,207729,1.61859E+11
2011-11-30,2605.022,2530.254,2606.323,2517.609,224905,1.72256E+11
2011-12-01,2590.417,2585.97,2644.568,2580.554,317064,2.479E+11
2011-12-02,2581.248,2567.489,2585.883,2551.897,260280,2.0039E+11
2011-12-05,2563.982,2538.99,2574.095,2532.692,274294,2.09461E+11
2011-12-06,2530.947,2522.446,2539.584,2513.867,211263,1.5999E+11
2011-12-07,2526.732,2540.176,2542.165,2516.525,231083,1.75332E+11
2011-12-08,2534.78,2534.284,2564.889,2502.005,302395,2.29463E+11
2011-12-09,2520.866,2513.822,2535.294,2510.459,219154,1.65534E+11
2011-12-12,2516.547,2493.044,2517.748,2489.124,187534,1.40564E+11
2011-12-13,2483.701,2442.121,2489.091,2438.478,231636,1.70988E+11
2011-12-14,2437.786,2423.194,2445.901,2414.719,214049,1.56062E+11
2011-12-15,2411.124,2350.976,2413.183,2349.431,364304,2.60058E+11
2011-12-16,2358.179,2386.12,2396.659,2350.604,293813,2.08967E+11
2011-12-19,2382.447,2406.689,2408.703,2326.119,349091,2.47312E+11
2011-12-20,2395.75,2384.191,2426.425,2379.877,302603,2.17372E+11
2011-12-21,2402.389,2363.017,2420.285,2351.264,302094,2.16224E+11
2011-12-22,2349.878,2362.248,2382.771,2311.342,420024,2.94919E+11
2011-12-23,2363.551,2365.416,2406.274,2348.602,366637,2.60471E+11
2011-12-26,2357.759,2349.525,2388.297,2342.922,311746,2.20461E+11
2011-12-27,2346.453,2327.248,2369.582,2324.897,310312,2.17702E+11
2011-12-28,2326.425,2326.708,2336.764,2298.955,319823,2.22145E+11
2011-12-29,2313.987,2327.562,2344.826,2311.764,273997,1.90941E+11
2011-12-30,2336.985,2362.655,2367.331,2333.991,273243,1.92435E+11
2012-01-04,2386.04,2311.708,2389.615,2311.209,234410,1.64668E+11
2012-01-05,2309.843,2296.235,2333.032,2292.07,334417,2.31511E+11
2012-01-06,2295.118,2303.505,2306.289,2278.949,285689,1.96063E+11
2012-01-09,2295.409,2381.574,2383.012,2283.187,413995,2.899E+11
2012-01-10,2389.875,2467.281,2469.411,2377.523,404292,2.93551E+11
2012-01-11,2467.88,2450.681,2473.559,2441.68,319027,2.34715E+11
2012-01-12,2447.109,2451.047,2480.015,2438.942,351138,2.5828E+11
2012-01-13,2456.635,2415.666,2464.201,2394.663,372250,2.70181E+11
2012-01-16,2404.82,2358.098,2411.666,2354.057,341922,2.44621E+11
2012-01-17,2368.435,2502.165,2506.685,2348.338,512318,3.71199E+11
2012-01-18,2500.908,2440.431,2511.53,2427.082,426166,3.16117E+11
2012-01-19,2452.371,2490.35,2516.674,2440.487,530627,3.94077E+11
2012-01-20,2500.927,2518.619,2532.854,2480.808,379075,2.84854E+11
2012-01-30,2520.97,2473.912,2523.914,2469.722,318574,2.3781E+11
2012-01-31,2477.616,2480.921,2490.547,2462.108,317323,2.35186E+11
2012-02-01,2475.855,2444.378,2499.359,2433.598,339102,2.50464E+11
2012-02-02,2449.345,2491.722,2501.357,2439.477,415243,3.06541E+11
2012-02-03,2492.534,2513.414,2530.736,2478.718,366434,2.74916E+11
2012-02-06,2525.982,2509.196,2537.146,2497.703,330985,2.49637E+11
2012-02-07,2506.822,2468.8,2508.091,2448.135,350531,2.59352E+11
2012-02-08,2472.27,2541.648,2557.779,2462.63,423570,3.17479E+11
2012-02-09,2536.468,2537.62,2557.172,2523.343,413397,3.14765E+11
2012-02-10,2536.786,2537.912,2577.004,2525.956,457814,3.4945E+11
2012-02-13,2525.814,2538.237,2570.383,2508.139,437987,3.33328E+11
2012-02-14,2536.56,2526.824,2545.539,2514.489,404899,3.06722E+11
2012-02-15,2529.222,2556.324,2574.966,2524.397,429078,3.28397E+11
2012-02-16,2549.132,2544.595,2565.737,2521.325,362573,2.76633E+11
2012-02-17,2560.367,2551.811,2574.511,2534.091,386330,2.95637E+11
2012-02-20,2582.033,2555.803,2589.349,2553.02,303443,2.3363E+11
2012-02-21,2560.334,2571.898,2572.697,2528.964,372649,2.85218E+11
2012-02-22,2574.299,2599.695,2609.432,2566.242,378227,2.93287E+11
2012-02-23,2598.905,2609.848,2618.93,2594.286,339360,2.65133E+11
2012-02-24,2619.623,2662.713,2662.882,2603.354,382316,3.0102E+11
2012-02-27,2668.879,2674.04,2706.451,2664.538,357560,2.87509E+11
2012-02-28,2675.96,2673.143,2690.165,2661.358,341959,2.7409E+11
2012-02-29,2665.651,2655.492,2677.774,2650.961,339534,2.70887E+11
2012-03-01,2644.387,2643.239,2666.601,2641.29,288436,2.29356E+11
2012-03-02,2649.133,2688.507,2692.326,2649.133,365035,2.92235E+11
2012-03-05,2690.189,2673.244,2700.473,2669.746,270282,2.1751E+11
2012-03-06,2669.352,2637.32,2673.369,2628.772,326480,2.58663E+11
2012-03-07,2617.902,2617.151,2640.938,2613.639,304262,2.39377E+11
2012-03-08,2625.156,2642.183,2657.036,2623.272,356482,2.82065E+11
2012-03-09,2653.054,2669.591,2672.077,2643.672,347712,2.77029E+11
2012-03-12,2669.847,2652.977,2672.26,2646.408,283169,2.25487E+11
2012-03-13,2658.913,2684.116,2687.433,2656.379,329797,2.64161E+11
2012-03-14,2700.64,2621.162,2712.112,2607.249,429709,3.44241E+11
2012-03-15,2621.198,2600.499,2632.422,2598.816,380276,2.98343E+11
2012-03-16,2606.279,2626.574,2633.977,2588.536,392388,3.07695E+11
2012-03-19,2628.956,2633.313,2638.316,2612.114,286022,2.25105E+11
2012-03-20,2637.496,2600.49,2637.819,2599.332,328240,2.57139E+11
2012-03-21,2611.494,2606.118,2624.253,2584.992,369548,2.88332E+11
2012-03-22,2603.997,2600.768,2613.988,2585.302,317756,2.47432E+11
2012-03-23,2595.2,2575.477,2596.189,2565.278,299326,2.3153E+11
2012-03-26,2573.374,2573.269,2579.369,2562.767,199407,1.5361E+11
2012-03-27,2583.665,2569.078,2584.916,2564.338,216620,1.67111E+11
2012-03-28,2563.153,2497.589,2563.553,2489.248,305029,2.30979E+11
2012-03-29,2487.142,2468.368,2490.613,2448.734,332727,2.46695E+11
2012-03-30,2471.771,2458.276,2476.289,2455.452,268090,1.98099E+11
2012-04-05,2448.095,2516.218,2523.743,2444.312,380018,2.83924E+11
2012-04-06,2518.262,2525.95,2531.285,2509.768,296186,2.2359E+11
2012-04-09,2518.017,2507.023,2530.557,2495.47,346229,2.60564E+11
2012-04-10,2504.787,2523.698,2529.473,2467.871,423446,3.16429E+11
2012-04-11,2506.372,2528.26,2551.731,2500.654,450550,3.40679E+11
2012-04-12,2532.456,2579.959,2584.058,2525.813,417127,3.18619E+11
2012-04-13,2590.191,2594.735,2606.32,2577.346,366521,2.84095E+11
2012-04-16,2581.061,2583.379,2597.385,2570.596,333696,2.58E+11
2012-04-17,2587.546,2558.163,2589.401,2555.7,361361,2.77847E+11
2012-04-18,2568.831,2607.07,2618.251,2561.459,377100,2.92982E+11
2012-04-19,2613.192,2612.421,2620.648,2598.921,288119,2.25421E+11
2012-04-20,2610.108,2639.257,2644.422,2605.329,352984,2.7774E+11
2012-04-23,2640.15,2623.763,2642.392,2616.226,259093,2.04192E+11
2012-04-24,2618.582,2609.758,2659.555,2575.859,453304,3.54848E+11
2012-04-25,2613.474,2633.535,2639.492,2607.808,381401,2.99913E+11
2012-04-26,2640.086,2643.883,2654.314,2626.335,316751,2.50543E+11
2012-04-27,2647.486,2643.358,2651.761,2637.236,258349,2.04626E+11
2012-05-02,2660.587,2691.866,2707.33,2655.523,315040,2.5312E+11
2012-05-03,2690.364,2699.229,2701.528,2689.152,208928,1.68741E+11
2012-05-04,2697.013,2722.334,2722.338,2683.918,341435,2.76997E+11
2012-05-07,2711.297,2719.554,2721.87,2704.593,264367,2.14971E+11
2012-05-08,2725.387,2706.702,2731.437,2692.564,378048,3.06894E+11
2012-05-09,2699.065,2668.457,2699.234,2665.424,317576,2.54829E+11
2012-05-10,2669.958,2668.788,2680.324,2663.454,264357,2.11581E+11
2012-05-11,2665.696,2635.902,2680.446,2633.173,343666,2.73642E+11
2012-05-14,2650.42,2608.54,2656.785,2596.35,408177,3.22405E+11
2012-05-15,2597.97,2611.691,2619.823,2592.739,313984,2.45206E+11
2012-05-16,2608.228,2570.159,2614.063,2564.765,341574,2.6532E+11
2012-05-17,2584.002,2609.54,2621.6,2576.021,315786,2.46012E+11
2012-05-18,2598.437,2572.107,2600.356,2561.05,344994,2.66657E+11
2012-05-21,2578.025,2585.611,2605.719,2564.097,374769,2.90349E+11
2012-05-22,2595.506,2610.34,2614.551,2591.185,317783,2.47901E+11
2012-05-23,2600.15,2590.555,2617.595,2577.968,363419,2.82852E+11
2012-05-24,2596.969,2584.733,2610.678,2567.715,381864,2.96385E+11
2012-05-25,2582.153,2567.574,2587.669,2560.31,314010,2.4235E+11
2012-05-28,2566.208,2600.127,2603.453,2549.878,333845,2.57617E+11
2012-05-29,2598.699,2645.541,2656.105,2597.693,370396,2.92095E+11
2012-05-30,2636.367,2632.803,2644.172,2629.181,265067,2.09636E+11
2012-05-31,2621.941,2635.097,2642.717,2612.287,321035,2.53185E+11
2012-06-01,2630.409,2629.047,2658.703,2615.325,407856,3.22819E+11
2012-06-04,2600.771,2544.791,2600.771,2544.149,337515,2.60783E+11
2012-06-05,2555.547,2550.815,2565.36,2545.608,299759,2.29844E+11
2012-06-06,2549.521,2548.277,2568.971,2539.837,383924,2.9444E+11
2012-06-07,2568.723,2532.914,2575.549,2521.329,344519,2.63785E+11
2012-06-08,2545.633,2511.95,2548.216,2510.473,443799,3.3668E+11
2012-06-11,2532.508,2551.096,2565.152,2520.24,407391,3.10786E+11
2012-06-12,2533.962,2536.877,2547.368,2520.899,366745,2.7856E+11
2012-06-13,2538.004,2565.361,2572.793,2531.367,427859,3.2758E+11
2012-06-14,2560.122,2551.28,2579.226,2547.711,342899,2.63457E+11
2012-06-15,2558.903,2562.06,2575.244,2534.996,438280,3.35951E+11
2012-06-18,2580.064,2574.808,2592.332,2567.533,367281,2.83761E+11
2012-06-19,2574.41,2560.533,2575.136,2552.942,298035,2.28872E+11
2012-06-20,2566.225,2551.806,2572.251,2550.898,312071,2.39732E+11
2012-06-21,2547.883,2513.333,2548.207,2496.022,349152,2.63145E+11
2012-06-25,2502.02,2470.48,2509.004,2462.133,279294,2.08409E+11
2012-06-26,2465.941,2463.787,2471.667,2451.875,323826,2.39017E+11
2012-06-27,2459.69,2457.604,2477.681,2452.849,298251,2.20274E+11
2012-06-28,2464.566,2442.714,2470.906,2438.93,332740,2.44885E+11
2012-06-29,2436.335,2472.435,2475.356,2434.565,374925,2.76044E+11
2012-07-02,2481.371,2468.001,2482.001,2459.353,336713,2.49131E+11
2012-07-03,2470.67,2473.286,2503.548,2465.131,417834,3.10948E+11
2012-07-04,2477.484,2474.184,2490.692,2468.308,414001,3.07144E+11
2012-07-05,2472.959,2449.427,2474.168,2436.504,393560,2.88439E+11
2012-07-06,2449.042,2484.581,2498.919,2434.152,498818,3.67582E+11
2012-07-09,2473.885,2435.469,2483.536,2430.472,389900,2.87512E+11
2012-07-10,2434.641,2427.619,2440.823,2423.508,354561,2.58052E+11
2012-07-11,2421.663,2433.873,2444.257,2416.28,416553,3.03246E+11
2012-07-12,2433.632,2451.799,2469.849,2418.047,574219,4.20013E+11
2012-07-13,2455.147,2463.045,2482.303,2452.224,462616,3.41073E+11
2012-07-16,2470.595,2423.362,2472.293,2420.96,410927,2.99735E+11
2012-07-17,2418.619,2429.422,2435.019,2415.87,345624,2.50896E+11
2012-07-18,2427.74,2427.504,2436.889,2390.16,538879,3.90581E+11
2012-07-19,2432.198,2434.13,2462.721,2424.283,509950,3.7378E+11
2012-07-20,2437.231,2420.742,2438.662,2412.56,393533,2.8609E+11
2012-07-23,2406.703,2382.183,2407.444,2377.849,323434,2.31284E+11
2012-07-24,2378.544,2386.328,2410.103,2374.776,382759,2.74201E+11
2012-07-25,2380.428,2378.195,2400.737,2373.538,360716,2.57889E+11
2012-07-26,2377.193,2369.208,2394.531,2366.002,398290,2.83935E+11
2012-07-27,2374.994,2376.545,2384.979,2368.145,335669,2.38791E+11
2012-07-30,2377.478,2368.65,2392.501,2364.329,348383,2.48076E+11
2012-07-31,2366.384,2367.921,2381.074,2365.865,281810,2.00061E+11
2012-08-01,2363.703,2374.679,2389.662,2362.988,353141,2.51383E+11
2012-08-02,2374.782,2356.284,2376.99,2342.835,320906,2.2664E+11
2012-08-03,2358.225,2372.962,2373.953,2350.831,316772,2.23678E+11
2012-08-06,2368.428,2389.705,2398.222,2365.539,410283,2.92565E+11
2012-08-07,2391.116,2397.629,2400.148,2390.701,256746,1.84162E+11
2012-08-08,2401.486,2397.02,2414.363,2395.134,299579,2.15618E+11
2012-08-09,2399.392,2424.493,2427.121,2391.202,431167,3.11067E+11
2012-08-10,2425.737,2417.971,2428.526,2412.204,269865,1.95422E+11
2012-08-13,2415.98,2374.473,2416.933,2372.017,303892,2.17814E+11
2012-08-14,2373.237,2365.48,2377.687,2339.388,423817,2.99453E+11
2012-08-15,2363.135,2348.541,2365.268,2344.657,376490,2.65568E+11
2012-08-16,2351.11,2342.991,2355.618,2339.903,291166,2.05038E+11
2012-08-17,2346.043,2331.83,2347.279,2321.08,334132,2.33754E+11
2012-08-20,2325.955,2320.469,2333.327,2299.867,302601,2.09572E+11
2012-08-21,2320.359,2327.642,2354.963,2318.303,427409,2.98977E+11
2012-08-22,2326.624,2314.352,2335.781,2307.235,303454,2.10843E+11
2012-08-23,2316.845,2328.439,2336.276,2308.949,449426,3.12444E+11
2012-08-24,2321.171,2299.825,2321.878,2298.073,313130,2.16376E+11
2012-08-27,2300.691,2254.271,2301.79,2253.199,326166,2.21615E+11
2012-08-28,2253.146,2252.89,2273.793,2247.958,341606,2.30926E+11
2012-08-29,2251.228,2236.946,2262.082,2234.853,378798,2.54698E+11
2012-08-30,2233.981,2226.753,2243.013,2213.391,430735,2.8772E+11
2012-08-31,2220.252,2221.199,2237.965,2219.661,363800,2.42834E+11
2012-09-03,2219.94,2239.55,2249.794,2207.724,456305,3.05631E+11
2012-09-04,2238.499,2216.166,2245.957,2211.669,333756,2.22872E+11
2012-09-05,2213.16,2215.58,2223.215,2204.502,369420,2.44646E+11
2012-09-06,2216.177,2246.935,2249.34,2211.387,468734,3.12071E+11
2012-09-07,2253.552,2347.263,2368.022,2247.959,764040,5.29419E+11
2012-09-10,2347.122,2344.528,2354.657,2333.021,438846,3.07843E+11
2012-09-11,2339.28,2331.355,2340.022,2310.021,515715,3.58206E+11
2012-09-12,2337.968,2339.103,2362.189,2312.936,587437,4.10326E+11
2012-09-13,2337.648,2310.551,2346.105,2306.53,592958,4.13237E+11
2012-09-14,2344.774,2340.132,2364.464,2316.048,720252,5.03351E+11
2012-09-17,2336.361,2280.635,2338.276,2277.16,529239,3.65068E+11
2012-09-18,2272.928,2245.154,2275.434,2244.231,490812,3.32213E+11
2012-09-19,2251.933,2262.198,2270.787,2247.382,484399,3.27637E+11
2012-09-20,2261.138,2212.63,2262.31,2207.479,514218,3.43911E+11
2012-09-21,2211.823,2220.084,2236.724,2204.566,596583,3.96813E+11
2012-09-24,2206.283,2227.019,2248.243,2191.302,646175,4.2928E+11
2012-09-25,2219.755,2224.29,2242.827,2213.878,510450,3.40572E+11
2012-09-26,2216.697,2206.05,2234.985,2198.689,479701,3.17922E+11
2012-09-27,2203.474,2263.365,2324.94,2203.123,756469,5.0946E+11
2012-09-28,2256.475,2322.027,2322.698,2246.773,752956,5.15017E+11
2012-10-08,2315.796,2283.317,2321.405,2268.919,476256,3.26555E+11
2012-10-09,2289.713,2331.516,2351.929,2287.644,730920,5.09739E+11
2012-10-10,2321.589,2329.159,2340.991,2317.759,525865,3.66682E+11
2012-10-11,2328.14,2326.91,2335.823,2313.571,534790,3.71839E+11
2012-10-12,2326.021,2314.995,2350.887,2297.153,662601,4.60259E+11
2012-10-15,2308.89,2310.272,2332.909,2291.931,511266,3.52949E+11
2012-10-16,2315.196,2307.89,2331.119,2299.939,647783,4.48637E+11
2012-10-17,2317.54,2320.153,2328.592,2293.644,711447,4.92552E+11
2012-10-18,2329.517,2348.813,2359.434,2324.402,693929,4.87057E+11
2012-10-19,2352.191,2349.409,2357.824,2345.455,345019,2.43128E+11
2012-10-22,2339.768,2355.821,2369.48,2333.015,435061,3.05994E+11
2012-10-23,2360.018,2329.33,2362.812,2328.134,470149,3.3012E+11
2012-10-24,2323.099,2327.194,2342.588,2320.632,470438,3.28384E+11
2012-10-25,2327.862,2312.58,2339.543,2309.227,471001,3.27539E+11
2012-10-26,2311.052,2256.89,2314.356,2250.603,531788,3.62226E+11
2012-10-29,2255.618,2249.108,2260.935,2238.766,348999,2.35174E+11
2012-10-30,2250.361,2250.795,2274.783,2242.542,501477,3.38183E+11
2012-10-31,2256.336,2260.326,2266.01,2243.986,503290,3.39789E+11
2012-11-01,2262.857,2311.519,2323.227,2261.004,621358,4.2794E+11
2012-11-02,2316.357,2312.927,2321.623,2295.109,466928,3.2303E+11
2012-11-05,2311.039,2312.603,2335.909,2299.263,529364,3.66463E+11
2012-11-06,2315.899,2296.881,2320.522,2267.364,596177,4.08703E+11
2012-11-07,2302.21,2297.751,2315.714,2285.409,635375,4.37077E+11
2012-11-08,2282.159,2250.542,2288.331,2249.622,576446,3.92113E+11
2012-11-09,2251.452,2250.202,2260.497,2242.236,432469,2.91445E+11
2012-11-12,2250.712,2254.144,2262.438,2236.72,542402,3.6569E+11
2012-11-13,2255.04,2219.703,2256.467,2213.691,544267,3.63129E+11
2012-11-14,2221.832,2224.257,2230.449,2216.865,417877,2.782E+11
2012-11-15,2217.544,2199.722,2231.036,2196.092,663331,4.40887E+11
2012-11-16,2200.427,2183.78,2202.728,2171.217,567654,3.7148E+11
2012-11-19,2187.386,2179.817,2188.302,2160.149,503752,3.28295E+11
2012-11-20,2185.998,2184.531,2192.305,2170.148,481799,3.14612E+11
2012-11-21,2181.135,2196.071,2204.622,2162.315,733832,4.80172E+11
2012-11-22,2193.664,2191.146,2194.641,2176.102,535500,3.50717E+11
2012-11-23,2196.223,2198.279,2213.351,2189.184,637025,4.20141E+11
2012-11-26,2201.079,2184.097,2201.421,2177.838,486378,3.18702E+11
2012-11-27,2180.913,2161.878,2181.454,2160.619,449836,2.92536E+11
2012-11-28,2158.357,2145.714,2158.357,2140.963,399060,2.56608E+11
2012-11-29,2144.507,2129.595,2153.681,2129.353,395096,2.53788E+11
2012-11-30,2128.052,2142.227,2151.755,2125.134,597572,3.82946E+11
2012-12-03,2143.866,2121.688,2160.365,2119.998,585161,3.75289E+11
2012-12-04,2116.845,2135.529,2143.513,2116.267,598575,3.81251E+11
2012-12-05,2138.041,2220.022,2230.012,2135.773,856917,5.63385E+11
2012-12-06,2222.208,2208.803,2226.841,2204.992,560819,3.71872E+11
2012-12-07,2212.685,2259.336,2263.277,2210.143,810380,5.43073E+11
2012-12-10,2266.214,2274.183,2282.283,2261.038,685272,4.65877E+11
2012-12-11,2272.635,2267.468,2278.524,2263.452,540428,3.6712E+11
2012-12-12,2269.189,2275.051,2282.125,2262.009,653648,4.44181E+11
2012-12-13,2274.088,2259.646,2275.267,2254.332,605573,4.1007E+11
2012-12-14,2261.037,2382.669,2383.744,2259.243,992370,6.90633E+11
2012-12-17,2383.113,2384.639,2389.188,2373.03,605907,4.31639E+11
2012-12-18,2388.299,2380.96,2424.6,2362.119,973730,6.96491E+11
2012-12-19,2379.825,2386.968,2405.832,2375.817,728369,5.20702E+11
2012-12-20,2379.743,2412.734,2420.788,2367.884,786084,5.62352E+11
2012-12-21,2419.531,2397.962,2441.866,2386.354,890857,6.41937E+11
2012-12-24,2396.233,2397.93,2424.671,2395.183,690452,4.97222E+11
2012-12-25,2393.321,2460.04,2484.986,2388.379,902626,6.60958E+11
2012-12-26,2460.334,2468.15,2472.799,2459.795,429400,3.17092E+11
2012-12-27,2478.31,2473.723,2503.808,2461.097,636113,4.71237E+11
2012-12-28,2473.504,2506.32,2509.057,2470.46,684150,5.09093E+11
2012-12-31,2508.353,2545.176,2550.6,2507.888,629011,4.76945E+11
2013-01-04,2569.745,2540.716,2575.022,2510.768,607696,4.62724E+11
2013-01-07,2545.847,2541.833,2562.511,2531.976,641934,4.88707E+11
2013-01-08,2545.104,2539.562,2556.893,2515.668,766882,5.82124E+11
2013-01-09,2540.124,2533.92,2552.108,2517.799,663362,5.03571E+11
2013-01-10,2537.615,2546.823,2570.824,2522.242,768572,5.85706E+11
2013-01-11,2550.416,2507.308,2556.685,2491.597,842615,6.37002E+11
2013-01-14,2505.783,2597.003,2606.938,2499.554,855692,6.54783E+11
2013-01-15,2598.615,2608.82,2619.483,2594.696,590508,4.60389E+11
2013-01-16,2614.385,2583.774,2618.426,2546.995,835268,6.47663E+11
2013-01-17,2587.108,2580.993,2596.885,2554.028,867193,6.68488E+11
2013-01-18,2586.58,2616.155,2631.84,2571.914,932226,7.26038E+11
2013-01-21,2620.359,2615.03,2627.986,2594.799,695596,5.44323E+11
2013-01-22,2619.137,2609.871,2623.747,2587.271,837908,6.53821E+11
2013-01-23,2611.667,2623.602,2624.005,2590.622,747295,5.828E+11
2013-01-24,2622.997,2598.418,2681.241,2581.335,1043749,8.21046E+11
2013-01-25,2605.474,2601.322,2609.664,2590.41,547349,4.25567E+11
2013-01-28,2602.048,2662.27,2668.001,2599.205,823517,6.50273E+11
2013-01-29,2663.54,2678.621,2694.516,2661.165,630317,5.0434E+11
2013-01-30,2687.058,2708.013,2708.936,2671.11,662600,5.32508E+11
2013-01-31,2708.248,2708.973,2713.03,2687.171,680921,5.49718E+11
2013-02-01,2704.525,2756.53,2763.72,2687.024,926505,7.53759E+11
2013-02-04,2764.708,2761.056,2779.709,2751.195,690018,5.70723E+11
2013-02-05,2751.015,2785.896,2807.204,2749.435,822896,6.84122E+11
2013-02-06,2793.862,2800.608,2812.07,2790.251,581070,4.87074E+11
2013-02-07,2798.61,2799.828,2807.287,2757.396,832993,6.95776E+11
2013-02-08,2802.643,2787.061,2830.9,2782.105,722844,6.08829E+11
2013-02-18,2798.591,2758.145,2806.495,2744.079,663051,5.50579E+11
2013-02-19,2760.307,2716.863,2763.718,2704.528,664725,5.42908E+11
2013-02-20,2720.293,2718.048,2725.234,2703.888,565419,4.59432E+11
2013-02-21,2705.97,2622.032,2706.704,2597.752,806615,6.3771E+11
2013-02-22,2622.445,2601.285,2633.222,2601.285,463622,3.63841E+11
2013-02-25,2597.002,2612.107,2649.17,2591.658,756908,5.93372E+11
2013-02-26,2598.809,2571.655,2645.942,2567.271,860727,6.73439E+11
2013-02-27,2586.376,2595.369,2629.322,2579.834,919725,7.15623E+11
2013-02-28,2611.785,2686.205,2692.21,2605.138,920037,7.28752E+11
2013-03-01,2679.514,2674.031,2690.744,2630.228,772484,6.16428E+11
2013-03-04,2660.086,2556.796,2661.27,2546.84,908282,7.05858E+11
2013-03-05,2560.793,2624.482,2635.959,2558.277,963692,7.47178E+11
2013-03-06,2636.129,2657.208,2673.034,2630.377,898125,7.12454E+11
2013-03-07,2662.346,2625.205,2668.769,2598.344,983542,7.76678E+11
2013-03-08,2632.28,2621.415,2647.652,2612.4,818609,6.43305E+11
2013-03-11,2626.309,2602.59,2630.164,2580.184,811962,6.32255E+11
2013-03-12,2604.577,2562.322,2632.201,2536.911,1026553,7.92989E+11
2013-03-13,2561.886,2535.977,2566.571,2521.173,852822,6.48512E+11
2013-03-14,2524.444,2530.63,2557.151,2509.895,867023,6.5891E+11
2013-03-15,2535.846,2543.693,2617.51,2507.812,1204369,9.22641E+11
2013-03-18,2511.741,2513.185,2558.34,2505.386,814060,6.16218E+11
2013-03-19,2522.431,2530.634,2545.663,2500.423,845577,6.3913E+11
2013-03-20,2530,2611.656,2614.388,2527.001,1079584,8.35633E+11
2013-03-21,2620.548,2617.564,2633.889,2604.696,685049,5.3842E+11
2013-03-22,2613.9,2626.909,2635.193,2608.451,739176,5.81251E+11
2013-03-25,2632.576,2623.549,2653.949,2610.387,777107,6.11911E+11
2013-03-26,2617.944,2573.591,2618.207,2554.452,858680,6.64349E+11
2013-03-27,2580.448,2575.046,2618.655,2564.259,897685,6.9693E+11
2013-03-28,2571.16,2507.244,2571.662,2494.404,781159,5.88845E+11
2013-03-29,2498.324,2483.877,2516.107,2482.464,637590,4.7847E+11
2013-04-01,2483.054,2483.696,2511.759,2471.581,722143,5.39778E+11
2013-04-02,2489.639,2505.683,2529.015,2467.69,949990,7.1102E+11
2013-04-03,2504.99,2478.603,2515.016,2475.245,825856,6.1786E+11
2013-04-08,2451.12,2464.19,2477.748,2434.889,705962,5.20831E+11
2013-04-09,2472.708,2480.476,2511.381,2471.157,889684,6.64375E+11
2013-04-10,2485.74,2480.355,2491.386,2464.452,708549,5.27145E+11
2013-04-11,2492.403,2472.039,2511.159,2465.512,720085,5.37173E+11
2013-04-12,2472.966,2461.755,2481.839,2454.368,629459,4.66036E+11
2013-04-15,2444.952,2439.067,2460.873,2421.802,688354,5.03273E+11
2013-04-16,2420.635,2447.978,2454.548,2414.915,818870,5.98179E+11
2013-04-17,2453.76,2450.691,2456.99,2427.168,762773,5.59584E+11
2013-04-18,2433.402,2455.177,2476.846,2420.449,1000268,7.36091E+11
2013-04-19,2460.824,2531.608,2542.037,2459.283,1012882,7.61725E+11
2013-04-22,2527.027,2529.028,2540.419,2518.927,514246,3.90344E+11
2013-04-23,2533.344,2443.257,2538.319,2437.937,751583,5.57534E+11
2013-04-24,2454.192,2488.717,2509.86,2439.788,895579,6.64991E+11
2013-04-25,2489.452,2457.124,2503.257,2447.177,1035481,7.69615E+11
2013-04-26,2466.26,2435.758,2486.069,2428.28,793122,5.85688E+11
2013-05-02,2423.376,2435.23,2442.289,2411.256,601101,4.38236E+11
2013-05-03,2447.305,2482.407,2514.261,2443.38,912766,6.81286E+11
2013-05-06,2498.361,2505.305,2522.778,2488.547,790583,5.95464E+11
2013-05-07,2505.388,2520.543,2526.776,2491.215,746284,5.6241E+11
2013-05-08,2529.347,2539.183,2557.652,2522.505,815428,6.21287E+11
2013-05-09,2534.948,2516.497,2537.815,2498.618,747664,5.65744E+11
2013-05-10,2511.439,2539.393,2541.443,2503.948,873788,6.62021E+11
2013-05-13,2537.593,2511.62,2542.385,2505.1,794274,6.0121E+11
2013-05-14,2513.114,2477.698,2519.36,2459.213,857756,6.3951E+11
2013-05-15,2484.28,2477.344,2491.869,2472.002,666833,4.96078E+11
2013-05-16,2478.092,2531.522,2534.593,2460.047,997594,7.48718E+11
2013-05-17,2529.407,2574.671,2586.374,2523.43,819181,6.26127E+11
2013-05-20,2580.531,2594.634,2618.26,2576.145,711158,5.53843E+11
2013-05-21,2594.832,2600.817,2608.024,2583.705,604189,4.70446E+11
2013-05-22,2603.286,2603.305,2617.859,2591.975,748802,5.84756E+11
2013-05-23,2591.828,2571.32,2614.811,2563.131,841468,6.53792E+11
2013-05-24,2583.765,2588.85,2605.675,2559.936,888352,6.8884E+11
2013-05-27,2580.007,2574.523,2602.791,2573.035,663920,5.14912E+11
2013-05-28,2574.366,2633.973,2635.537,2566.835,848537,6.60495E+11
2013-05-29,2638.914,2628.191,2656.626,2624.017,630863,4.99605E+11
2013-05-30,2625.72,2626.071,2637.922,2613.061,617115,4.86473E+11
2013-05-31,2634.37,2600.73,2640.355,2589.381,694425,5.4569E+11
2013-06-03,2604.719,2597.699,2620.466,2589.945,611780,4.77783E+11
2013-06-04,2597.678,2563.235,2600.187,2551.176,707620,5.45423E+11
2013-06-05,2564.804,2554.121,2568.05,2545.133,493738,3.78501E+11
2013-06-06,2548.57,2534.904,2559.706,2530.916,615101,4.69555E+11
2013-06-07,2535.119,2476.359,2539.972,2467.622,652474,4.90125E+11
2013-06-13,2457.309,2383.462,2459.922,2365.658,648109,4.65553E+11
2013-06-14,2392.15,2395.552,2408.041,2386.29,517593,3.721E+11
2013-06-17,2405.93,2394.552,2419.887,2385.808,621637,4.47439E+11
2013-06-18,2403.086,2401.525,2409.458,2365.995,708485,5.09487E+11
2013-06-19,2401.932,2385.897,2402.103,2344.656,869478,6.18598E+11
2013-06-20,2371.287,2321.763,2373.917,2313.196,754667,5.30034E+11
2013-06-21,2296.262,2300.311,2317.4,2267.007,849483,5.85251E+11
2013-06-24,2292.721,2135.461,2293.885,2133.498,928509,6.16293E+11
2013-06-25,2131.797,2115.239,2150.336,1998.97,1337553,8.41267E+11
2013-06-26,2126.415,2124.559,2152.873,2095.86,996538,6.33163E+11
2013-06-27,2135.692,2121.582,2181.946,2097.863,1102171,7.07684E+11
2013-06-28,2119.629,2169.626,2218.464,2100.512,1322503,8.53705E+11
2013-07-01,2159.743,2164.194,2174.63,2108.963,977291,6.29781E+11
2013-07-02,2170.618,2161.072,2173.899,2134.014,930743,6.01915E+11
2013-07-03,2151.706,2142.768,2161.115,2109.631,982652,6.30236E+11
2013-07-04,2138.999,2166.959,2198.042,2119.302,1180773,7.65684E+11
2013-07-05,2174.318,2167.982,2197.715,2165.327,926566,6.06847E+11
2013-07-08,2143.763,2120.978,2157.547,2099.573,929096,5.95026E+11
2013-07-09,2126.184,2117.585,2135.121,2114.378,678571,4.34253E+11
2013-07-10,2110.892,2190.036,2192.582,2102.982,1096492,7.08571E+11
2013-07-11,2203.083,2316.899,2355.219,2197.449,1313985,8.98918E+11
2013-07-12,2314.079,2271.568,2320.315,2252.1,875435,6.02566E+11
2013-07-15,2287.937,2287.913,2334.858,2262.988,1093067,7.53589E+11
2013-07-16,2286.972,2296.724,2301.587,2256.777,1020125,6.99701E+11
2013-07-17,2286.839,2272.087,2319.017,2268.429,1097617,7.55929E+11
2013-07-18,2266.802,2233.549,2272.599,2219.849,1006781,6.76786E+11
2013-07-19,2237.788,2163.404,2246.849,2158.374,1049219,6.95663E+11
2013-07-22,2142.4,2166.815,2179.766,2124.191,898056,5.8162E+11
2013-07-23,2170.289,2241.495,2266.611,2170.285,1204349,8.06888E+11
2013-07-24,2229.986,2229.867,2240.914,2169.73,1051080,6.97741E+11
2013-07-25,2224.523,2207.352,2257.045,2189.039,1198744,8.00186E+11
2013-07-26,2199.716,2189.38,2214.906,2169.965,935418,6.16659E+11
2013-07-29,2166.624,2159.75,2167.183,2124.411,815660,5.25414E+11
2013-07-30,2155.48,2164.271,2207.783,2141.833,1003483,6.53618E+11
2013-07-31,2174.664,2162.254,2219.531,2159.812,945563,6.19984E+11
2013-08-01,2171.384,2240.538,2242.471,2170.924,1200353,7.9625E+11
2013-08-02,2250.407,2237.313,2268.235,2226.79,920804,6.20855E+11
2013-08-05,2241.992,2262.749,2271.136,2226.739,899497,6.06762E+11
2013-08-06,2261.483,2275.968,2295.115,2239.335,961199,6.53554E+11
2013-08-07,2267.954,2255.354,2305.978,2253.062,1055162,7.23775E+11
2013-08-08,2266.322,2263.215,2292.753,2252.198,924600,6.30226E+11
2013-08-09,2270.376,2285.186,2294.701,2233.985,1091657,7.444E+11
2013-08-12,2291.679,2346.611,2356.057,2286.741,1077729,7.51018E+11
2013-08-13,2355.02,2354.811,2359.872,2337.289,754814,5.31726E+11
2013-08-14,2361.167,2352.369,2393.233,2340.494,991855,7.04077E+11
2013-08-15,2358.369,2329.598,2368.37,2318.394,868098,6.10959E+11
2013-08-16,2319.757,2292.131,2408.234,2285.604,1326913,9.26841E+11
2013-08-19,2282.495,2330.874,2349.215,2276.089,911744,6.33081E+11
2013-08-20,2326.566,2310.139,2359.267,2300.311,929673,6.49607E+11
2013-08-21,2321.558,2315.418,2330.949,2290.435,930937,6.44599E+11
2013-08-22,2301.036,2310.465,2337.218,2298.286,874646,6.07956E+11
2013-08-23,2326.025,2280.693,2330.906,2245.543,913970,6.28962E+11
2013-08-26,2301.135,2341.48,2345.384,2287.009,953121,6.63478E+11
2013-08-27,2341.475,2339.874,2348.434,2320.195,688734,4.8215E+11
2013-08-28,2331.033,2324.36,2349.374,2291.321,967653,6.75126E+11
2013-08-29,2334.52,2316.403,2345.255,2297.36,916694,6.37449E+11
2013-08-30,2312.794,2303.837,2329.619,2292.281,938781,6.50787E+11
2013-09-02,2316.59,2330.035,2330.606,2293.618,839904,5.82123E+11
2013-09-03,2336.25,2350.611,2356.085,2322.53,878692,6.16653E+11
2013-09-04,2351.179,2344.077,2354.085,2340.894,535241,3.76691E+11
2013-09-05,2350.024,2343.005,2351.298,2331.005,617209,4.33211E+11
2013-09-06,2336.643,2356.522,2360.133,2332.198,720071,5.06449E+11
2013-09-09,2364.325,2436.241,2448.284,2362.722,928504,6.72415E+11
2013-09-10,2439.133,2474.285,2477.227,2434.809,684927,5.02847E+11
2013-09-11,2481.101,2482.9,2499.687,2470.097,739077,5.50614E+11
2013-09-12,2482.19,2505.727,2526.807,2473.14,890519,6.67144E+11
2013-09-13,2503.281,2499.756,2514.848,2484.925,689862,5.16691E+11
2013-09-16,2506.536,2483.96,2512.949,2476.578,770604,5.75397E+11
2013-09-17,2480.511,2444.767,2485.59,2438.282,829922,6.12538E+11
2013-09-18,2445.151,2438.686,2449.672,2415.837,800581,5.84932E+11
2013-09-23,2440.737,2471.607,2484.532,2431.11,813382,6.01329E+11
2013-09-24,2473.743,2451.853,2477.76,2425.085,796248,5.84681E+11
2013-09-25,2453.157,2438.253,2464.559,2432.039,710492,5.21215E+11
2013-09-26,2435.737,2393.877,2437.562,2386.905,810367,5.83995E+11
2013-09-27,2388.618,2401.322,2405.808,2383.933,582556,4.18233E+11
2013-09-30,2399.585,2412.117,2427.311,2398.219,495506,3.58199E+11
2013-10-08,2404.793,2442.231,2450.664,2392.928,641189,4.662E+11
2013-10-09,2438.388,2459.03,2459.782,2428.936,570183,4.17279E+11
2013-10-10,2461.45,2431.512,2463.934,2419.761,745153,5.44568E+11
2013-10-11,2449.108,2469.339,2475.959,2439.179,866948,6.39056E+11
2013-10-14,2469.595,2473.054,2481.775,2464.19,653213,4.83983E+11
2013-10-15,2478.178,2464.046,2483.349,2447.211,633128,4.67807E+11
2013-10-16,2459.936,2427.064,2462.271,2412.934,820701,5.98124E+11
2013-10-17,2435.56,2409.2,2441.35,2407.785,714783,5.20016E+11
2013-10-18,2409.14,2418.98,2435.143,2404.007,760933,5.5248E+11
2013-10-21,2421.342,2467.306,2474.743,2415.2,739414,5.42282E+11
2013-10-22,2470.548,2446.644,2472.177,2434.824,640700,4.70898E+11
2013-10-23,2449.51,2419.576,2476.085,2410.229,887265,6.4903E+11
2013-10-24,2413.668,2405.845,2425.313,2396.203,780437,5.64565E+11
2013-10-25,2405.84,2361.021,2413.03,2348.123,857884,6.13719E+11
2013-10-28,2364.553,2364.563,2374.599,2349.543,631834,4.4775E+11
2013-10-29,2367.223,2369.189,2406.316,2329.792,1059940,7.52088E+11
2013-10-30,2375.455,2392.662,2401.214,2362.348,866154,6.19032E+11
2013-10-31,2392.526,2381.749,2392.561,2366.282,752985,5.37382E+11
2013-11-01,2379.828,2392.143,2399.143,2367.348,722558,5.16029E+11
2013-11-04,2395.184,2385.175,2410.729,2376.144,638493,4.57741E+11
2013-11-05,2383.768,2382.518,2390.636,2345.247,771418,5.47781E+11
2013-11-06,2383.726,2351.92,2385.465,2349.075,712345,5.06354E+11
2013-11-07,2354.263,2350.258,2360.2,2333.972,751248,5.28918E+11
2013-11-08,2343.058,2312.157,2349.918,2308.869,783484,5.47102E+11
2013-11-11,2313.161,2319.445,2325.289,2296.649,725256,5.02737E+11
2013-11-12,2324.828,2332.685,2344.731,2317.614,795933,5.56763E+11
2013-11-13,2329.509,2291.778,2330.194,2289.469,782279,5.41255E+11
2013-11-14,2292.776,2299.165,2306.396,2283.731,750410,5.16664E+11
2013-11-15,2301.273,2348.227,2380.591,2301.273,1011567,7.13457E+11
2013-11-18,2368.173,2416.772,2423.642,2357.817,937332,6.71242E+11
2013-11-19,2419.431,2416.551,2422.219,2404.528,586146,4.24046E+11
2013-11-20,2419.525,2431.677,2443.178,2405.923,741724,5.38122E+11
2013-11-21,2425.231,2415.785,2426.418,2387.666,770911,5.55645E+11
2013-11-22,2425.527,2408.194,2434.779,2398.101,764274,5.52995E+11
2013-11-25,2400.873,2391.48,2427.211,2382.45,764218,5.511E+11
2013-11-26,2389.308,2392.23,2406.283,2383.781,688222,4.94658E+11
2013-11-27,2387.504,2423.678,2437.292,2384.53,847801,6.1365E+11
2013-11-28,2426.936,2450.164,2478.164,2426.083,876567,6.44766E+11
2013-11-29,2452.831,2458.396,2460.373,2444.891,529621,3.89497E+11
2013-12-02,2441.41,2434.954,2479.196,2413.31,985472,7.21962E+11
2013-12-03,2429.624,2453.368,2465.171,2425.06,719417,5.27078E+11
2013-12-04,2450.942,2484.021,2502.303,2447.99,895647,6.67169E+11
2013-12-05,2487.382,2485.44,2491.014,2474.184,576587,4.29376E+11
2013-12-06,2483.676,2469.002,2484.668,2459.266,628075,4.6504E+11
2013-12-09,2478.091,2463.625,2491.057,2461.264,573091,4.24442E+11
2013-12-10,2464.408,2464.418,2481.152,2459.425,651832,4.82508E+11
2013-12-11,2461.313,2423.301,2461.6,2410.631,638686,4.65741E+11
2013-12-12,2420.935,2415.572,2432.306,2415.086,510861,3.7118E+11
2013-12-13,2406.516,2416.017,2430.937,2388.75,695480,5.03157E+11
2013-12-16,2412.773,2368.16,2428.109,2366.922,703434,5.0471E+11
2013-12-17,2375.857,2360.684,2379.112,2358.327,591114,4.19865E+11
2013-12-18,2359.277,2372.385,2375.443,2357.781,535835,3.8031E+11
2013-12-19,2380.349,2347.854,2383.433,2344.23,767393,5.43605E+11
2013-12-20,2351.121,2300.952,2357.614,2295.465,873942,6.08885E+11
2013-12-23,2307.709,2310.037,2317.815,2278.082,693111,4.78001E+11
2013-12-24,2312.523,2309.362,2338.389,2286.086,790809,5.48226E+11
2013-12-25,2312.305,2323.237,2331.481,2303.618,746495,5.17829E+11
2013-12-26,2325.037,2298.014,2328.482,2283.589,702808,4.84394E+11
2013-12-27,2298.592,2330.825,2349.48,2292.264,916360,6.37493E+11
2013-12-30,2345.91,2328.623,2348.11,2319.597,590553,4.1219E+11
2013-12-31,2324.835,2349.157,2359.594,2309.584,850624,5.96342E+11
2014-01-02,2345.181,2336.156,2349.42,2329.787,542528,3.79981E+11
2014-01-03,2322.246,2306.31,2332.053,2290.455,625123,4.31733E+11
2014-01-06,2298.212,2243.909,2301.047,2235.052,676271,4.56404E+11
2014-01-07,2238.125,2241.518,2256.142,2220.264,659960,4.43296E+11
2014-01-08,2246.875,2243.4,2271.998,2232.183,762650,5.14421E+11
2014-01-09,2242.073,2226.428,2267.391,2223.378,759213,5.11467E+11
2014-01-10,2226.123,2221.506,2234.152,2209.863,728881,4.84889E+11
2014-01-13,2227.116,2208.335,2232.235,2194.401,678375,4.49444E+11
2014-01-14,2201.074,2222.489,2228.316,2191.113,742917,4.91697E+11
2014-01-15,2225.666,2216.672,2227.478,2201.957,615602,4.08222E+11
2014-01-16,2221.585,2218.935,2239.426,2209.722,793503,5.28314E+11
2014-01-17,2216.357,2199.199,2221.3,2191.011,791879,5.22637E+11
2014-01-20,2203.895,2188.619,2207.01,2178.155,606297,3.97893E+11
2014-01-21,2189.183,2210.283,2220.81,2186.849,687310,4.54439E+11
2014-01-22,2209.914,2258.233,2259.804,2209.194,787382,5.28337E+11
2014-01-23,2259.348,2247.484,2260.016,2240.05,552830,3.72478E+11
2014-01-24,2240.226,2255.779,2274.225,2233.737,753876,5.09913E+11
2014-01-27,2240.468,2230.907,2246.402,2221.046,566091,3.78663E+11
2014-01-28,2230.702,2234.814,2251.627,2222.149,608898,4.07543E+11
2014-01-29,2240.373,2244.314,2250.924,2236.381,495809,3.32992E+11
2014-01-30,2237.809,2202.516,2240.6,2200.327,462439,3.0789E+11
2014-02-07,2199.154,2218.794,2220.037,2182.98,498082,3.28583E+11
2014-02-10,2225.966,2263.595,2272.42,2225.138,653038,4.41992E+11
2014-02-11,2264.516,2279.326,2289.844,2261.983,670501,4.57394E+11
2014-02-12,2285.987,2286.123,2292.448,2277.838,538610,3.6878E+11
2014-02-13,2285.662,2274.296,2291.839,2272.467,575544,3.93874E+11
2014-02-14,2276.208,2290.079,2291.275,2273.761,550480,3.76734E+11
2014-02-17,2297.677,2309.218,2321.079,2295.563,645696,4.46675E+11
2014-02-18,2311,2283.434,2311.851,2275.912,579841,3.98277E+11
2014-02-19,2283.632,2307.675,2315.295,2278.769,745556,5.13328E+11
2014-02-20,2310.35,2283.371,2329.631,2280.95,770989,5.32013E+11
2014-02-21,2286.659,2266.167,2291.674,2256.821,609925,4.15863E+11
2014-02-24,2258.22,2206.293,2258.719,2180.94,659308,4.36874E+11
2014-02-25,2214.064,2145.776,2218.78,2144.221,723201,4.74585E+11
2014-02-26,2141.697,2149.116,2157.95,2132.244,701708,4.51984E+11
2014-02-27,2153.769,2147.997,2169.672,2140.617,800030,5.16764E+11
2014-02-28,2153.913,2173.134,2175.81,2119.521,870301,5.61737E+11
2014-03-03,2165.192,2163.408,2184.514,2151.179,714932,4.6516E+11
2014-03-04,2160.032,2168.496,2170.839,2139.626,770575,4.98192E+11
2014-03-05,2176.972,2148.093,2181.482,2144.328,713113,4.61636E+11
2014-03-06,2141.833,2165.783,2171.915,2116.172,961802,6.19523E+11
2014-03-07,2165.423,2138.736,2175.315,2138.431,767114,4.97168E+11
2014-03-10,2117.56,2060.402,2127.499,2057.705,756301,4.75447E+11
2014-03-11,2062.881,2084.052,2099.533,2058.097,845043,5.27007E+11
2014-03-12,2069.294,2079.664,2092.605,2058.541,904175,5.64876E+11
2014-03-13,2085.78,2097.845,2114.952,2081.967,875824,5.53181E+11
2014-03-14,2089.174,2089.589,2097.152,2076.492,640483,4.02596E+11
2014-03-17,2087.929,2123.99,2140.679,2083.741,771953,4.90121E+11
2014-03-18,2126.953,2098.103,2129.071,2097.25,648361,4.12887E+11
2014-03-19,2101.499,2104.663,2106.484,2072.143,821199,5.16375E+11
2014-03-20,2096.155,2052.264,2116.921,2045.051,943972,5.9272E+11
2014-03-21,2047.749,2142.702,2154.877,2041.545,1161642,7.32759E+11
2014-03-24,2139.661,2138.535,2150.555,2120.901,734437,4.73075E+11
2014-03-25,2138.113,2139.66,2163.154,2129.521,749090,4.83988E+11
2014-03-26,2148.191,2140.833,2153.146,2131.799,657906,4.24904E+11
2014-03-27,2135.335,2121.8,2168.112,2112.548,959511,6.17677E+11
2014-03-28,2128.638,2131.905,2152.401,2124.212,881889,5.69028E+11
2014-03-31,2136.477,2132.16,2154.996,2118.252,726682,4.68343E+11
2014-04-01,2136.21,2146.399,2163.615,2127.917,785394,5.07396E+11
2014-04-02,2148.569,2162.068,2164.992,2145.821,710749,4.61684E+11
2014-04-03,2166.595,2147.689,2181.881,2145.809,730717,4.77036E+11
2014-04-04,2145.169,2175.796,2177.45,2139.544,735356,4.7858E+11
2014-04-08,2169.803,2235.841,2238.049,2166.505,898193,5.97693E+11
2014-04-09,2238.242,2227.279,2248.163,2226.976,601334,4.05037E+11
2014-04-10,2232.895,2276.829,2287.58,2225.419,940106,6.36491E+11
2014-04-11,2273.608,2262.881,2277.694,2253.341,697134,4.75392E+11
2014-04-14,2261.722,2262.971,2272.72,2252.192,573361,3.90162E+11
2014-04-15,2264.914,2225.066,2268.813,2216.251,727732,4.89699E+11
2014-04-16,2219.309,2222.358,2240.18,2212.258,814095,5.46118E+11
2014-04-17,2230.498,2219.052,2237.095,2214.632,757530,5.07231E+11
2014-04-18,2212.249,2215.601,2224.475,2185.644,854166,5.67752E+11
2014-04-21,2201.929,2169.795,2228.55,2165.011,786560,5.22092E+11
2014-04-22,2166.13,2178.979,2187.954,2154.228,768364,5.02717E+11
2014-04-23,2181.713,2175.255,2186.999,2165.725,660317,4.32764E+11
2014-04-24,2175.982,2173.602,2194.911,2164.511,728544,4.77574E+11
2014-04-25,2174.711,2162.756,2185.581,2156.109,797373,5.2156E+11
2014-04-28,2151.421,2133.402,2163.834,2129.727,676978,4.36484E+11
2014-04-29,2133.403,2151.758,2159.26,2131.543,591270,3.81319E+11
2014-04-30,2149.657,2138.079,2152.377,2136.636,445279,2.87939E+11
2014-05-05,2140.205,2148.355,2157.546,2114.599,690990,4.4354E+11
2014-05-06,2148.771,2137.466,2168.384,2134.348,680632,4.40246E+11
2014-05-07,2134.742,2128.021,2143.976,2126.314,617160,3.96626E+11
2014-05-08,2127.87,2129.28,2164.924,2123.998,848449,5.46398E+11
2014-05-09,2127.588,2130.322,2137.056,2116.136,734996,4.70622E+11
2014-05-12,2146.115,2171.915,2177.872,2133.307,888412,5.77524E+11
2014-05-13,2173.732,2158.433,2174.169,2155.485,538406,3.50562E+11
2014-05-14,2160.35,2156.838,2173.018,2152.73,663543,4.31183E+11
2014-05-15,2154.186,2136.706,2157.635,2133.033,599189,3.8607E+11
2014-05-16,2130.705,2129.674,2142.353,2123.119,658094,4.21627E+11
2014-05-19,2123.822,2097.277,2128.376,2086.816,679454,4.2874E+11
2014-05-20,2112.975,2096.914,2117.533,2094.079,565875,3.57708E+11
2014-05-21,2093.977,2116.911,2125.526,2079.776,812098,5.13652E+11
2014-05-22,2122.466,2112.279,2152.459,2111.268,827612,5.2942E+11
2014-05-23,2113.575,2141.291,2141.628,2113.322,750339,4.78758E+11
2014-05-26,2144.386,2146.14,2161.83,2133.882,625780,4.03218E+11
2014-05-27,2146.919,2140.352,2152.727,2135.989,606841,3.90688E+11
2014-05-28,2140.188,2171.656,2172.229,2122.147,860556,5.5481E+11
2014-05-29,2173.277,2152.294,2176.305,2148.256,594193,3.85378E+11
2014-05-30,2151.789,2147.028,2163.621,2141.649,687818,4.44515E+11
2014-06-03,2155.567,2139.545,2161.685,2138.743,542743,3.5034E+11
2014-06-04,2139.545,2125.14,2142.823,2112.793,592106,3.77219E+11
2014-06-05,2123.455,2149.213,2154.359,2120.27,655314,4.194E+11
2014-06-06,2151.679,2125.344,2152.674,2113.111,753940,4.8179E+11
2014-06-09,2126.142,2127.742,2152.685,2115.521,851109,5.44687E+11
2014-06-10,2129.965,2156.78,2158.591,2125.55,936416,6.02267E+11
2014-06-11,2154.206,2150.606,2156.575,2143.805,645499,4.16515E+11
2014-06-12,2149.627,2148.7,2157.088,2144.929,533161,3.43987E+11
2014-06-13,2146.469,2176.208,2184.07,2129.459,908882,5.91029E+11
2014-06-16,2178.992,2186.308,2197.427,2172.914,652989,4.28201E+11
2014-06-17,2186.404,2171.368,2187.336,2169.612,537838,3.51196E+11
2014-06-18,2170.961,2162.725,2178.795,2160.805,554825,3.61015E+11
2014-06-19,2164.361,2133.174,2167.512,2120.754,699153,4.49816E+11
2014-06-20,2133.133,2134.878,2141.369,2125.567,624829,3.99913E+11
2014-06-23,2137.571,2125.98,2151.03,2124.899,612108,3.92017E+11
2014-06-24,2123.443,2134.841,2142.012,2122.796,592677,3.78949E+11
2014-06-25,2133.75,2129.03,2136.667,2118.052,572754,3.6496E+11
2014-06-26,2130.921,2138.639,2149.464,2130.728,649664,4.17019E+11
2014-06-27,2138.567,2145.91,2158.581,2131.236,612542,3.93283E+11
2014-06-30,2146.587,2157.247,2169.144,2146.275,630336,4.07807E+11
2014-07-01,2160.572,2159.314,2172.949,2149.196,544085,3.51813E+11
2014-07-02,2161.465,2166.55,2168.2,2146.368,648794,4.19646E+11
2014-07-03,2168.844,2170.627,2182.291,2160.835,681084,4.43062E+11
2014-07-04,2174.079,2169.443,2176.04,2164.066,487074,3.16608E+11
2014-07-07,2169.245,2165.037,2177.039,2159.41,506669,3.29151E+11
2014-07-08,2164.4,2168.709,2170.303,2152.767,566224,3.67096E+11
2014-07-09,2166.759,2133.356,2169.25,2132.856,605910,3.91268E+11
2014-07-10,2135.073,2134.009,2141.868,2130.146,407064,2.60863E+11
2014-07-11,2132.002,2139.346,2151.846,2131.888,595060,3.82497E+11
2014-07-14,2142.149,2164.003,2167.111,2139.759,599861,3.87422E+11
2014-07-15,2166.401,2163.643,2170.145,2158.463,485925,3.15423E+11
2014-07-16,2165.064,2163.003,2175.435,2161.488,559246,3.63558E+11
2014-07-17,2163.503,2154.514,2165.194,2142.66,602348,3.88806E+11
2014-07-18,2148.397,2161.361,2172.888,2146.686,738421,4.78677E+11
2014-07-21,2160.391,2158.824,2166.887,2151.797,470288,3.04517E+11
2014-07-22,2157.653,2188.149,2197.653,2152.466,722314,4.72001E+11
2014-07-23,2189.451,2191.941,2208.711,2183.506,658445,4.332E+11
2014-07-24,2193.137,2242.76,2244.904,2191.692,946945,6.31786E+11
2014-07-25,2244.726,2277.88,2282.203,2241.39,660120,4.46106E+11
2014-07-28,2279.246,2339.548,2360.253,2278.25,990968,6.90722E+11
2014-07-29,2343.616,2339.208,2362.753,2332.63,748813,5.25983E+11
2014-07-30,2334.099,2332.978,2351.83,2328.57,774154,5.42478E+11
2014-07-31,2333.336,2375.572,2376.003,2327.405,846249,5.94753E+11
2014-08-01,2369.331,2347.063,2396.818,2337.754,1036118,7.35177E+11
2014-08-04,2348.461,2392.565,2398.544,2348.099,996064,7.08138E+11
2014-08-05,2394.646,2374.124,2400.287,2366.926,914210,6.51291E+11
2014-08-06,2374.139,2367.661,2384.966,2343.641,966081,6.84101E+11
2014-08-07,2372.336,2340.749,2382.056,2337.205,959335,6.77324E+11
2014-08-08,2340.842,2344.642,2356.13,2332.765,795926,5.58568E+11
2014-08-11,2352.628,2366.245,2381.894,2348.944,856117,6.07334E+11
2014-08-12,2369.436,2372.267,2373.069,2351.894,736073,5.20302E+11
2014-08-13,2373.943,2366.458,2379.345,2341.258,952077,6.73435E+11
2014-08-14,2371.181,2344.718,2376.666,2340.62,923789,6.53897E+11
2014-08-15,2351.421,2377.981,2384.933,2346.39,911674,6.47238E+11
2014-08-18,2381.176,2378.709,2396.491,2370.063,719654,5.13491E+11
2014-08-19,2382.003,2377.05,2386.779,2359.716,720446,5.13E+11
2014-08-20,2376.899,2367.066,2381.231,2363.698,688781,4.89607E+11
2014-08-21,2369.559,2357.79,2372.141,2339.21,712617,5.0283E+11
2014-08-22,2359.086,2375.701,2377.682,2354.587,717768,5.08834E+11
2014-08-25,2376.381,2352.035,2380.526,2345.641,703685,4.97281E+11
2014-08-26,2351.945,2341.596,2359.697,2332.165,751962,5.2873E+11
2014-08-27,2342.796,2340.206,2351.565,2337.663,534797,3.75548E+11
2014-08-28,2341.231,2334.959,2347.945,2326.125,653731,4.57618E+11
2014-08-29,2332.565,2355.451,2356.71,2332.069,604425,4.24221E+11
2014-09-01,2356.666,2353.469,2363,2346.069,573963,4.0507E+11
2014-09-02,2355.45,2393.778,2399.555,2351.535,841435,5.97764E+11
2014-09-03,2397.848,2416.312,2429.422,2395.421,861154,6.23647E+11
2014-09-04,2418.553,2450.744,2451.131,2416.254,817189,5.94795E+11
2014-09-05,2454.758,2475.83,2480.86,2449.026,923025,6.80441E+11
2014-09-09,2476.51,2463.441,2478.795,2454.891,650801,4.80207E+11
2014-09-10,2457.604,2447.315,2459.53,2434.095,712701,5.2169E+11
2014-09-11,2447.463,2424.521,2484.33,2424.03,1153425,8.45798E+11
2014-09-12,2425.498,2445.584,2451.601,2422.193,859471,6.27098E+11
2014-09-15,2437.973,2439.859,2448.512,2428.071,759875,5.54779E+11
2014-09-16,2441.082,2400.749,2459.827,2393.428,1156091,8.42178E+11
2014-09-17,2412.343,2410.119,2416.315,2395.344,839768,6.05444E+11
2014-09-18,2409.868,2414.702,2424.561,2400.035,927720,6.70703E+11
2014-09-19,2420.281,2441.64,2446.481,2413.696,961937,7.00263E+11
2014-09-22,2442.025,2392.495,2442.667,2379.375,860111,6.19464E+11
2014-09-23,2390.31,2407.601,2420.499,2389.85,796344,5.74384E+11
2014-09-24,2406.767,2472.699,2474.016,2397.119,1095229,8.01204E+11
2014-09-25,2479.332,2458.872,2500.166,2449.265,1041047,7.72944E+11
2014-09-26,2451.226,2454.797,2468.592,2439.275,890089,6.54696E+11
2014-09-29,2454.612,2458.813,2466.347,2444.239,646520,4.75957E+11
2014-09-30,2462.806,2457.484,2470.456,2449.422,594468,4.38292E+11
2014-10-08,2469.933,2487.927,2490.118,2451.246,736785,5.45495E+11
2014-10-09,2491.257,2480.123,2499.445,2472.044,702168,5.22996E+11
2014-10-10,2473.565,2474.083,2487.696,2461.744,772947,5.72799E+11
2014-10-13,2470.755,2458.791,2472.141,2430.174,810049,5.94068E+11
2014-10-14,2454.272,2442.598,2467.325,2428.073,845913,6.20798E+11
2014-10-15,2444.601,2459.122,2468.749,2430.356,1023140,7.51545E+11
2014-10-16,2451.162,2451.193,2481.989,2443.384,1199645,8.8547E+11
2014-10-17,2454.92,2445.577,2462.851,2426.185,1027551,7.53655E+11
2014-10-20,2455.898,2455.914,2461.66,2444.422,679948,5.00575E+11
2014-10-21,2456.149,2441.486,2465.776,2438.406,791870,5.82096E+11
2014-10-22,2444.494,2430.772,2455.127,2428.54,748913,5.48245E+11
2014-10-23,2428.74,2407.691,2438.607,2404.8,867759,6.29803E+11
2014-10-24,2410.002,2399.175,2415.798,2396.505,656563,4.74022E+11
2014-10-27,2393.747,2383.356,2394.334,2370.64,754631,5.38815E+11
2014-10-28,2385.348,2428.004,2430.372,2385.226,785989,5.66626E+11
2014-10-29,2431.529,2460.09,2473.512,2425.997,953511,6.99498E+11
2014-10-30,2461.303,2471.749,2475.873,2454.544,904396,6.67883E+11
2014-10-31,2475.379,2525.628,2527.135,2473.135,1211598,9.07998E+11
2014-11-03,2527.499,2513.922,2532.085,2510.975,731421,5.53221E+11
2014-11-04,2510.63,2513.661,2520.538,2506.788,675448,5.08984E+11
2014-11-05,2514.971,2517.631,2527.155,2502.904,811618,6.11502E+11
2014-11-06,2520.848,2520.481,2523.853,2492,900900,6.77647E+11
2014-11-07,2523.653,2499.707,2552.911,2489.696,1317110,9.95758E+11
2014-11-10,2522.323,2568.803,2572.728,2512.093,1222513,9.29839E+11
2014-11-11,2572.451,2553.802,2595.362,2536.209,1540582,1.18576E+12
2014-11-12,2555.709,2588.635,2595.119,2548.169,1122691,8.62999E+11
2014-11-13,2588.778,2575.49,2593.406,2566.102,1210059,9.35043E+11
2014-11-14,2573.654,2583.073,2583.127,2554.271,1048237,8.07042E+11
2014-11-17,2599.903,2572.224,2618.657,2565.087,1329870,1.03093E+12
2014-11-18,2572.917,2549.691,2575.822,2541.136,977317,7.48436E+11
2014-11-19,2548.716,2540.035,2556.948,2536.748,867854,6.62726E+11
2014-11-20,2535.894,2553.236,2553.858,2526.548,948654,7.22933E+11
2014-11-21,2553.472,2601.701,2603.308,2540.479,1179710,9.08592E+11
2014-11-24,2626.18,2678.416,2701.207,2620.133,1360653,1.08585E+12
2014-11-25,2683.527,2729.037,2731.889,2674.583,1075368,8.69219E+11
2014-11-26,2729.625,2750.151,2755.248,2718.064,1307171,1.07216E+12
2014-11-27,2752.555,2758.539,2770.927,2732.014,1184754,9.76238E+11
2014-11-28,2757.292,2829.03,2834.033,2745.278,1299202,1.07916E+12
2014-12-01,2823.223,2812.633,2846.54,2800.462,1214035,1.02755E+12
2014-12-02,2810.496,2939.819,2992.137,2808.834,1968113,1.7044E+12
2014-12-03,2948.192,3001.088,3066.133,2943.542,2303389,2.07691E+12
2014-12-04,3006.65,3201.415,3204.352,3006.483,2159674,2.00278E+12
2014-12-05,3216.599,3192.439,3267.55,3115.084,2413050,2.30438E+12
2014-12-08,3182.709,3337.035,3359.82,3144.032,2049584,1.99389E+12
2014-12-09,3323.878,3152.134,3482.641,3012.372,2930128,2.91957E+12
2014-12-10,3166.915,3249.784,3320.594,3136.806,2501205,2.42313E+12
2014-12-11,3223.128,3229.705,3302.918,3195.287,2041015,1.98001E+12
2014-12-12,3242.965,3250.305,3326.7,3221.463,1758553,1.71211E+12
2014-12-15,3236.397,3279.277,3310.583,3206.545,1404741,1.35936E+12
2014-12-16,3276.212,3369.735,3377.697,3271.11,1886856,1.86596E+12
2014-12-17,3391.271,3461.399,3463.783,3355.372,2230010,2.27021E+12
2014-12-18,3515.15,3506.1,3549.901,3462.762,1802071,1.88232E+12
2014-12-19,3527.779,3522.85,3542.419,3401.056,1784296,1.85668E+12
2014-12-22,3533.524,3419.47,3541.131,3416.316,1784366,1.86232E+12
2014-12-23,3420.449,3334.486,3489.531,3333.276,1792205,1.83563E+12
2014-12-24,3334.838,3277.317,3371.117,3210.308,1997078,1.96072E+12
2014-12-25,3292.763,3401.14,3403.184,3272.306,1940099,1.92568E+12
2014-12-26,3404.281,3509.445,3539.746,3376.496,2000158,2.0574E+12
2014-12-29,3544.596,3501.197,3620.926,3435.64,1932218,2.04902E+12
2014-12-30,3506.112,3515.448,3562.929,3471.795,2044955,2.14348E+12
2014-12-31,3520.115,3626.702,3629.345,3513.117,1526454,1.62146E+12
2015-01-05,3645.882,3711.99,3808.71,3624.12,1500643,1.65434E+12
2015-01-06,3704.093,3701.138,3751.84,3656.368,1737699,1.91521E+12
2015-01-07,3705.99,3711.766,3728.694,3662.371,1475006,1.62223E+12
2015-01-08,3725.778,3610.806,3731.784,3605.295,1807466,1.95816E+12
2015-01-09,3619.425,3576.14,3766.225,3561.128,2038525,2.21184E+12
2015-01-12,3605.651,3585.906,3620.256,3507.341,1539983,1.63338E+12
2015-01-13,3588.491,3582.577,3616.348,3555.686,1349288,1.43591E+12
2015-01-14,3587.037,3562.798,3616.145,3526.992,1382198,1.46902E+12
2015-01-15,3566.335,3698.436,3701.366,3544.981,1766348,1.89717E+12
2015-01-16,3710.48,3695.72,3737.549,3686.282,1511496,1.67294E+12
2015-01-19,3572.469,3346.161,3572.469,3346.161,1283155,1.32462E+12
2015-01-20,3330.088,3425.204,3476.401,3324.043,2048219,2.08857E+12
2015-01-21,3437.295,3579.296,3610.969,3437.27,1710330,1.79839E+12
2015-01-22,3589.895,3591.634,3623.989,3555.696,1368861,1.46672E+12
2015-01-23,3611.551,3628.449,3680.062,3584.15,1665037,1.80162E+12
2015-01-26,3637.687,3656.345,3664.97,3603.356,1210104,1.31051E+12
2015-01-27,3668.196,3602.899,3672.299,3536.029,1515865,1.63089E+12
2015-01-28,3596.458,3551.874,3630.798,3539.466,1555853,1.66122E+12
2015-01-29,3496.279,3516.551,3542.18,3477.057,1407556,1.47525E+12
2015-01-30,3524.965,3451.402,3558.961,3442.537,1589453,1.65903E+12
2015-02-02,3397.246,3414.449,3446.097,3370.308,1267068,1.28806E+12
2015-02-03,3419.604,3480.37,3489.409,3401.57,1406441,1.44296E+12
2015-02-04,3500.092,3416.622,3534.537,3407.905,1421554,1.478E+12
2015-02-05,3518.096,3379.818,3563.913,3369.226,1808881,1.87777E+12
2015-02-06,3382.398,3371.812,3416.705,3313.162,1533764,1.54411E+12
2015-02-09,3356.336,3409.111,3430.831,3344.301,1483136,1.49707E+12
2015-02-10,3412.726,3474.262,3475.749,3389.941,1545688,1.58153E+12
2015-02-11,3482.041,3486.823,3507.65,3470.857,1254080,1.3017E+12
2015-02-12,3491.431,3494.216,3508.032,3456.93,1083933,1.12422E+12
2015-02-13,3499.444,3505.636,3573.802,3489.484,1382845,1.45487E+12
2015-02-16,3515.194,3553.136,3558.758,3509.152,882121,9.30017E+11
2015-02-17,3560.826,3569.533,3594.882,3556.204,872386,9.31803E+11
2015-02-25,3581.411,3503.387,3584.598,3486.353,966332,1.0195E+12
2015-02-26,3505.302,3634.811,3638.621,3490.275,1125609,1.19717E+12
2015-02-27,3637.515,3607.635,3645.481,3592.138,1026427,1.11039E+12
2015-03-02,3653.369,3627.613,3657.985,3599.701,1246053,1.34962E+12
2015-03-03,3623.882,3558.648,3624.275,3527.932,1230649,1.31423E+12
2015-03-04,3554.313,3551.094,3583.192,3521.515,1278654,1.35851E+12
2015-03-05,3547.838,3524.643,3551.758,3491.175,1290957,1.3581E+12
2015-03-06,3526.401,3506.658,3547.982,3498.403,1091742,1.14855E+12
2015-03-09,3486.844,3585.048,3594.425,3424.42,1326117,1.3894E+12
2015-03-10,3590.04,3546.556,3592.485,3541.172,1139937,1.21238E+12
2015-03-11,3538.089,3561.776,3618.574,3531.585,1348611,1.44115E+12
2015-03-12,3576.422,3613.43,3649.352,3573.525,1456315,1.57223E+12
2015-03-13,3634.375,3644.6,3674.191,3619.324,1290899,1.40574E+12
2015-03-16,3642.73,3737.838,3740.385,3640.758,1251775,1.38283E+12
2015-03-17,3754.234,3791.113,3792.452,3746.904,1403667,1.579E+12
2015-03-18,3801.226,3854.62,3898.443,3794.712,1511280,1.7311E+12
2015-03-19,3878.203,3867.438,3888.03,3849.588,1270864,1.4689E+12
2015-03-20,3881.957,3934.039,3948.316,3860.259,1768389,2.06237E+12
2015-03-23,3967.772,4014.304,4022.774,3964.139,1420644,1.69569E+12
2015-03-24,4020.951,3981.854,4027.164,3939.434,1522604,1.81417E+12
2015-03-25,3984.732,3969.465,4004.07,3930.822,1421698,1.68805E+12
2015-03-26,3958.442,3947.775,4007.337,3904.415,1795203,2.12736E+12
2015-03-27,3947.191,3995.882,4002.171,3936.717,1423153,1.69001E+12
2015-03-30,3999.828,4148.252,4154.048,3999.25,1422053,1.73216E+12
2015-03-31,4179.197,4043.223,4209.76,4011.292,1818532,2.25155E+12
2015-04-01,4054.889,4131.262,4180.207,4051.134,1739401,2.14901E+12
2015-04-02,4158.29,4114.917,4183.247,4060.315,1703369,2.10489E+12
2015-04-03,4103.254,4214.906,4222.821,4087.854,1814089,2.25468E+12
2015-04-07,4239.858,4248.389,4263.12,4191.147,1394231,1.76395E+12
2015-04-08,4253.8,4251.538,4291.997,4200.627,1739388,2.21464E+12
2015-04-09,4254.582,4229.455,4279.241,4182.505,1836113,2.32907E+12
2015-04-10,4231.494,4383.104,4386.272,4217.909,1699942,2.18771E+12
2015-04-13,4405.816,4428.572,4447.66,4364.909,1489756,1.96377E+12
2015-04-14,4423.264,4421.854,4483.984,4384.366,1740283,2.30978E+12
2015-04-15,4424.862,4383.612,4469.709,4373.547,1942904,2.57939E+12
2015-04-16,4388.609,4549.077,4559.357,4376.395,1924575,2.58309E+12
2015-04-17,4562.951,4608.484,4662.164,4553.573,1779283,2.4584E+12
2015-04-20,4605.014,4520.226,4685.717,4494.135,1892040,2.60779E+12
2015-04-21,4543.537,4623.636,4634.333,4531.082,1641559,2.25517E+12
2015-04-22,4640.763,4766.796,4768.56,4636.088,1441626,2.03489E+12
2015-04-23,4772.549,4721.552,4795.075,4699.564,1653711,2.35492E+12
2015-04-24,4696.723,4729.304,4739.17,4621.37,1614501,2.26907E+12
2015-04-27,4748.158,4808.904,4831.199,4742.924,1522447,2.18688E+12
2015-04-28,4801.659,4724.246,4815.83,4665.397,1640807,2.33695E+12
2015-04-29,4709.479,4775.739,4804.836,4704.301,1374165,1.96134E+12
2015-04-30,4785.564,4770.595,4829.25,4737.729,1365274,1.96142E+12
2015-05-04,4785.555,4760.704,4809.383,4716.69,1152000,1.64492E+12
2015-05-05,4765.682,4614.733,4773.113,4565.921,1457077,2.04022E+12
2015-05-06,4623.695,4576.537,4712.798,4528.043,1724773,2.39804E+12
2015-05-07,4572.536,4506.541,4585.647,4499.334,1659278,2.26017E+12
2015-05-08,4528.863,4547.418,4574.822,4454.826,1709350,2.31931E+12
2015-05-11,4573.581,4659.529,4671.146,4534.954,1533741,2.11739E+12
2015-05-12,4659.858,4703.216,4720.588,4635.358,1474091,2.06599E+12
2015-05-13,4705.451,4658.745,4721.713,4632.614,1393969,1.96106E+12
2015-05-14,4663.984,4667.048,4694.107,4639.499,1412108,1.97858E+12
2015-05-15,4670.383,4565.731,4677.061,4517.839,1721536,2.37339E+12
2015-05-18,4569.921,4529.986,4592.958,4524.74,1281321,1.75545E+12
2015-05-19,4539.543,4770.826,4777.191,4535.608,1591072,2.23285E+12
2015-05-20,4778.209,4773.297,4906.256,4738.223,1631623,2.35631E+12
2015-05-21,4781.743,4889.411,4901.684,4776.133,1598112,2.31925E+12
2015-05-22,4905.551,5021.596,5026.219,4891.241,1582585,2.34899E+12
2015-05-25,4991.449,5157.291,5189.747,4983.45,1376943,2.1059E+12
2015-05-26,5170.558,5275.976,5288.251,5151.637,1632641,2.56126E+12
2015-05-27,5305.444,5292.239,5370.613,5209.076,1686566,2.67539E+12
2015-05-28,5309.096,4943.401,5329.965,4850.541,1960123,3.02598E+12
2015-05-29,4967.659,4899.351,5028.589,4803.347,1998421,2.95989E+12
2015-06-01,4908.351,5253.326,5262.926,4885.294,1580581,2.40667E+12
2015-06-02,5255.18,5268.939,5336.919,5130.321,1793934,2.8082E+12
2015-06-03,5283.58,5187.329,5310.932,5137.101,1980879,3.10135E+12
2015-06-04,5190.859,5254.976,5279.474,4708.442,2168640,3.32335E+12
2015-06-05,5265.009,5235.732,5330.298,5084.821,2058218,3.23094E+12
2015-06-08,5227.468,5333.572,5394.704,5154.19,1804105,2.84542E+12
2015-06-09,5343.401,5251.649,5363.025,5187.28,1791588,2.83745E+12
2015-06-10,5210.469,5253.727,5392.436,5183.912,1780145,2.82193E+12
2015-06-11,5277.086,5297.921,5331.139,5222.461,1555978,2.46338E+12
2015-06-12,5301.053,5361.308,5377.13,5265.511,1518095,2.42586E+12
2015-06-15,5356.83,5198.731,5387.548,5161.558,1689438,2.67196E+12
2015-06-16,5190.131,5068.963,5199.094,5004.595,1938191,2.97298E+12
2015-06-17,5087.548,5119.29,5166.277,4966.706,1909641,2.89585E+12
2015-06-18,5114.821,4940.15,5124.899,4924.353,1849939,2.80433E+12
2015-06-19,4938.498,4622.461,4950.021,4537.178,2283013,3.30663E+12
2015-06-23,4593.807,4736.585,4815.715,4464.596,2196504,3.08864E+12
2015-06-24,4756.826,4860.598,4872.15,4707.396,1926895,2.7757E+12
2015-06-25,4878.346,4587.783,4909.438,4571.535,2209492,3.17819E+12
2015-06-26,4583.797,4213.058,4618.622,4213.058,2355785,3.13981E+12
2015-06-29,4346.048,4009.195,4406.177,3818.423,3185557,3.97529E+12
2015-06-30,4064.664,4381.072,4445.208,3975.569,2512956,3.1781E+12
2015-07-01,4388.151,4056.344,4481.141,4009.47,2435322,3.18231E+12
2015-07-02,4167.21,4125.024,4310.063,3925.767,2791987,3.47865E+12
2015-07-03,4123.905,3930.583,4201.202,3785.265,2631323,3.15071E+12
2015-07-06,4308.914,4040.774,4347.068,3811.728,2176664,2.62861E+12
2015-07-07,4027.899,3677.887,4029.916,3639.385,1622458,1.89445E+12
2015-07-08,3574.913,3449.95,3701.211,3449.95,448649,4.86144E+11
2015-07-09,3327.151,3794.331,3794.331,3287.937,706522,7.69062E+11
2015-07-10,3793.83,4134.073,4165.791,3754.834,1254467,1.53147E+12
2015-07-13,4092.578,4065.146,4247.99,4050.172,1841169,2.2989E+12
2015-07-14,4069.393,3956.135,4109.233,3896.706,1854653,2.24246E+12
2015-07-15,3956.927,3752.957,3969.22,3701.241,1943492,2.25393E+12
2015-07-16,3704.672,3881.271,3981.646,3601.564,2465940,2.85415E+12
2015-07-17,3868.425,4064.319,4142.511,3849.487,2217278,2.65588E+12
2015-07-20,4079.81,3920.564,4092.09,3840.066,2034648,2.43166E+12
2015-07-21,3915.139,3939.346,4018.336,3839.33,2206775,2.61913E+12
2015-07-22,3936.252,3915.863,3962.949,3833.361,1769380,2.08771E+12
2015-07-23,3914.255,4166.481,4198.875,3904.99,1894038,2.31625E+12
2015-07-24,4175.401,3989.117,4189.141,3952.399,2014626,2.48404E+12
2015-07-27,3982.03,3626.288,3990.976,3626.288,1814080,2.11785E+12
2015-07-28,3599.348,3632.308,3726.9,3534.271,2348390,2.57489E+12
2015-07-29,3662.063,3797.459,3802.692,3578.684,2178765,2.41553E+12
2015-07-30,3796.672,3628.742,3800.504,3557.049,2356133,2.64437E+12
2015-07-31,3622.583,3663.606,3750.707,3582.224,2039295,2.24466E+12
2015-08-03,3637.801,3589.858,3644.325,3527.613,1358406,1.47191E+12
2015-08-04,3587.75,3795.553,3826.608,3585.435,1626132,1.83468E+12
2015-08-05,3798.624,3718.879,3804.442,3685.445,1561653,1.77212E+12
2015-08-06,3687.178,3725.069,3808.755,3649.22,1997252,2.25757E+12
2015-08-07,3726,3828.272,3903.381,3725.816,2083566,2.41598E+12
2015-08-10,3837.625,4012.39,4066.663,3836.992,1882454,2.24159E+12
2015-08-11,4028.694,3982.751,4037.387,3962.389,1898543,2.29107E+12
2015-08-12,3964.904,3941.744,4021.547,3928.798,2121004,2.5413E+12
2015-08-13,3950.796,3985.016,4001.399,3893.108,1902632,2.26994E+12
2015-08-14,3991.462,3963.398,4030.309,3936.961,1969916,2.37785E+12
2015-08-17,3949.677,3946.196,3962.626,3859.592,1824052,2.16362E+12
2015-08-18,3952.642,3671.779,3987.675,3564.207,2349411,2.73321E+12
2015-08-19,3646.546,3725.056,3774.441,3568.105,2524743,2.81736E+12
2015-08-20,3695.209,3626.491,3724.182,3593.974,2287290,2.52342E+12
2015-08-21,3588.477,3482.456,3624.005,3421.934,2505858,2.65065E+12
2015-08-24,3376.322,3118.154,3382.385,3118.154,1394226,1.34492E+12
2015-08-25,3037.059,2808.316,3091.575,2808.316,2476366,2.2285E+12
2015-08-26,2841.485,2727.9,3003.244,2663.95,1869386,1.6104E+12
2015-08-27,2799.648,3006.932,3027.614,2791.095,1815890,1.59225E+12
2015-08-28,3059.119,3162.654,3202.203,2988.553,1340096,1.23588E+12
2015-08-31,3145.066,3035.196,3145.682,2952.408,578180,5.30285E+11
2015-09-01,3040.023,2947.949,3103.333,2848.885,598142,5.39694E+11
2015-09-02,2895.515,2909.397,3141.492,2858.41,616367,5.61226E+11
2015-09-07,3025.627,3042.111,3258.876,2986.777,43015,40665424200
2015-09-08,3049.642,3284.981,3286.271,3014.092,34085,32305967460
2015-09-09,3303.494,3281.932,3343.503,3244.709,27899,27748162500
2015-09-10,3253.75,3237.969,3284.711,3211.591,19160,18842665020
2015-09-11,3245.587,3243.503,3292.808,3210.763,20147,19871010360
2015-09-14,3276.63,3033.83,3289.633,3011.33,28817,27429087180
2015-09-15,3026.695,3022.699,3097.784,2989.724,25393,23550019500
2015-09-16,3022.507,3190.538,3232.912,2984.581,29497,27567139140
2015-09-17,3178.835,3103.687,3216.31,3087.854,27148,26112780780
2015-09-18,3105.393,3111.361,3138.544,3075.824,22610,21422973060
2015-09-21,3044.844,3175.879,3177.595,3033.6,18782,17770228560
2015-09-22,3183.348,3180.498,3213.643,3156.53,17624,17005518060
2015-09-23,3165.036,3109.158,3168.759,3085.366,16671,15826336860
2015-09-24,3115.305,3140.268,3172.205,3108.463,15491,14752244580
2015-09-25,3144.607,3070.535,3148.611,3030.307,17284,16205557320
2015-09-28,3063.02,3101.139,3121.62,3045.149,14813,13853949360
2015-09-29,3064.938,3029.031,3072.928,2996.45,14902,13725066480
2015-09-30,3042.653,3070.47,3096.923,3036.31,13472,12543658560
2015-10-08,3190.819,3163.083,3253.84,3160.034,16216,15760988640
2015-10-09,3189.77,3254.27,3265.332,3181.293,17852,17408274720
2015-10-12,3275.306,3375.791,3425.473,3263.742,22712,22984552080
2015-10-13,3365.064,3355.431,3370.604,3336.489,16808,17059319580
2015-10-14,3334.729,3303.224,3363.007,3294.176,18873,19095258000
2015-10-15,3301.839,3410.497,3414.67,3298.443,22708,23104610760
2015-10-16,3414.191,3413.449,3438.284,3373.451,25181,26012092800
2015-10-19,3385.417,3328.393,3393.631,3289.758,17075,17331686700
2015-10-20,3337.504,3405.495,3408.085,3321.289,16479,16729713120
2015-10-21,3404.48,3282.531,3412.066,3262.627,19916,20178477360
2015-10-22,3297.639,3348.593,3379.985,3292.644,18883,19101183300
2015-10-23,3374.49,3417.986,3420.444,3332.93,17572,17952282780
2015-10-26,3432.113,3414.884,3446.298,3385.698,15807,16391889900
2015-10-27,3409.206,3423.951,3442.343,3329.216,17824,18287669040
2015-10-28,3415.991,3361.449,3429.312,3348.45,16715,17172514560
2015-10-29,3372.342,3385.595,3414.446,3340.235,16644,17031604200
2015-10-30,3382.413,3386.753,3426.183,3343.075,17465,17899081020
2015-11-02,3346.535,3348.475,3405.424,3308.126,17209,17525722800
2015-11-03,3362.029,3326.661,3372.552,3319.861,15768,15990075360
2015-11-04,3340.906,3538.166,3544.146,3338.401,22763,23613822240
2015-11-05,3532.139,3588.448,3642.748,3511.049,22908,24734592000
2015-11-06,3590.522,3709.681,3716.16,3583.478,19592,21590992680
2015-11-09,3694.977,3731.02,3787.319,3688.052,18739,21173780760
2015-11-10,3711.882,3728.625,3760.987,3700.43,16177,18215375340
2015-11-11,3729.115,3759.171,3760.2,3693.141,16601,18662333880
2015-11-12,3767.119,3705.32,3775.346,3666.203,18038,20221680180
2015-11-13,3680.932,3666.992,3703.527,3638.808,17638,19583831100
2015-11-16,3613.651,3681.205,3691.961,3608.01,18979,20907924120
2015-11-17,3690.049,3636.664,3773.513,3633.876,22975,25755984960
2015-11-18,3646.294,3623.143,3684.118,3616.207,19954,21978032580
2015-11-19,3634.498,3701.532,3703.079,3621.844,21871,24087027360
2015-11-20,3689.375,3654.694,3698.396,3641.924,20693,22865325120
2015-11-23,3626.824,3605.287,3680.713,3597.217,15197,16622817540
2015-11-24,3606.698,3639.381,3639.486,3561.716,17480,18908711460
2015-11-25,3636.118,3678.61,3682.163,3612.016,15799,17308583220
2015-11-26,3684.655,3644.923,3713.299,3636.442,16083,17781374280
2015-11-27,3646.769,3470.704,3653.07,3422.71,20547,21977822760
2015-11-30,3468.118,3467.874,3503.589,3405.04,19933,20749733460
2015-12-01,3480.182,3504.986,3535.505,3451.59,17338,18173573940
2015-12-02,3508.872,3671.642,3672.596,3484.46,23382,25055982720
2015-12-03,3653.749,3678.654,3690.484,3628.077,16808,18482381160
2015-12-04,3646.577,3616.971,3659.188,3580.414,17287,18795998220
2015-12-07,3629.851,3599.184,3643.531,3584.411,15650,16996380600
2015-12-08,3584.266,3556.76,3587.406,3533.954,17338,18561817680
2015-12-09,3546.593,3566.232,3601.027,3544.079,17025,18271425480
2015-12-10,3556.532,3535.835,3628.624,3514.567,19673,21212237640
2015-12-11,3546.435,3558.495,3579.015,3507.583,19004,20266059120
2015-12-14,3530.068,3678.241,3684.541,3519.351,24994,27032542860
2015-12-15,3672.683,3629.824,3677.693,3625.906,20625,22693329480
2015-12-16,3634.322,3623.75,3665.365,3621.258,20149,22131044520
2015-12-17,3628.207,3699.814,3715.314,3627.335,25980,28837941120
2015-12-18,3678.615,3698.584,3721.746,3673.799,22331,24890041200
2015-12-21,3670.296,3777.438,3795.665,3666.174,16269,18332480640
2015-12-22,3783.157,3796.541,3806.038,3748.852,14826,16846728600
2015-12-23,3799.127,3782.854,3836.967,3768.287,16956,19404496860
2015-12-24,3790.257,3753.963,3793.326,3709.134,16568,18688484160
2015-12-25,3755.465,3784.268,3785.133,3737.143,13482,15263981580
2015-12-28,3769.194,3627.05,3778.632,3621.658,16854,18813449700
2015-12-29,3640.986,3675.74,3691.035,3631.228,15483,17063767920
2015-12-30,3686.727,3676.408,3698.438,3644.931,14451,15992315580
2015-12-31,3676.984,3634.63,3711.71,3627.026,15626,17259966480
